ID,Target Pressure (Bar)
0,0.23642866
1,0.2552179
2,0.33278316
3,0.30499622
4,0.2989858
5,0.26334116
6,0.1335179
7,0.14226255
8,0.23636429
9,2.2035983
10,2.0098155
11,1.8316829
12,2.6380072
13,2.436797
14,2.0132241
15,1.4127735
16,1.3734443
17,1.2169231
18,0.80638367
19,0.83859646
20,0.75918376
21,0.5729373
22,0.6236018
23,0.430966
24,0.3779462
25,0.4082104
26,0.41866353
27,0.09640617
28,0.08406683
29,0.083228834
30,0.0548366
31,0.03302724
32,0.023098674
33,0.037783943
34,0.019951396
35,0.028765308
36,0.4614523
37,0.22032434
38,0.15082456
39,0.58123225
40,0.22702228
41,0.13452204
42,0.35528436
43,0.17142119
44,0.111994065
45,0.22434719
46,0.15656696
47,0.11132944
48,0.06948062
49,0.03701686
50,0.045330007
51,0.10211546
52,0.059305068
53,0.049141288
54,0.12261982
55,0.14554505
56,0.15314308
57,0.119492546
58,0.13539009
59,0.11314382
60,0.06891268
61,0.09958976
62,0.11501839
63,0.9516985
64,0.90509284
65,0.6828013
66,0.90143174
67,0.8932243
68,0.68507934
69,0.6769954
70,0.6640398
71,0.47076818
72,0.49636805
73,0.5033265
74,0.37606093
75,0.26564628
76,0.21008205
77,0.20091896
78,0.2162005
79,0.24358772
80,0.20299403
81,0.09705767
82,0.100968994
83,0.11587326
84,0.05766099
85,0.05291714
86,0.047107186
87,0.034617122
88,0.036374677
89,0.049416084
90,0.4495604
91,0.42134637
92,0.35982716
93,0.36984062
94,0.33704835
95,0.3032077
96,0.24070132
97,0.20374572
98,0.19330852
99,0.31197682
100,0.2807697
101,0.24497691
102,0.19843715
103,0.123626605
104,0.08191914
105,0.08741422
106,0.08500006
107,0.08137071
108,0.14539212
109,0.16116971
110,0.1882565
111,0.1021626
112,0.10338041
113,0.098820284
114,0.058550183
115,0.07145403
116,0.106639825
117,1.2416124
118,0.9841516
119,0.8052669
120,1.0978222
121,0.90126395
122,0.69920087
123,0.6128903
124,0.54096913
125,0.4144331
126,0.4820027
127,0.46041468
128,0.39784834
129,0.29788747
130,0.21455756
131,0.17108369
132,0.15569624
133,0.17522134
134,0.17031655
135,0.104777165
136,0.134745
137,0.13744964
138,0.07596778
139,0.089607336
140,0.07621022
141,0.045440078
142,0.0692555
143,0.07945335
144,0.76314586
145,0.61649805
146,0.38504368
147,0.83305967
148,0.661746
149,0.42034954
150,0.49270955
151,0.45923626
152,0.32157433
153,0.36633477
154,0.405793
155,0.29208863
156,0.17945862
157,0.13124135
158,0.1287183
159,0.12748279
160,0.15203704
161,0.12840131
162,0.1295116
163,0.12835248
164,0.1329086
165,0.10174777
166,0.08124359
167,0.07068933
168,0.068984486
169,0.060962223
170,0.08316788
171,1.0379379
172,0.53156096
173,0.48184866
174,1.7608917
175,0.75112367
176,0.62116253
177,0.9643678
178,0.59282196
179,0.4662158
180,0.5185929
181,0.4540089
182,0.3138829
183,0.18828766
184,0.14929162
185,0.16294295
186,0.23763381
187,0.18604667
188,0.16497068
189,0.07745306
190,0.08298267
191,0.075984426
192,0.066722475
193,0.066275984
194,0.054397848
195,0.05175957
196,0.05498716
197,0.05719642
198,0.36379227
199,0.32566276
200,0.20178887
201,0.3919164
202,0.36168778
203,0.25210577
204,0.3507537
205,0.32509318
206,0.19615328
207,0.23316994
208,0.22242033
209,0.13545012
210,0.08595146
211,0.08441256
212,0.08744804
213,0.13420235
214,0.12574363
215,0.0917076
216,0.10873828
217,0.108218476
218,0.12609111
219,0.08961031
220,0.08116531
221,0.07301549
222,0.066900104
223,0.06568577
224,0.08056702
225,0.6157323
226,0.6103972
227,0.60226387
228,0.42078736
229,0.42540222
230,0.3418419
231,0.31171367
232,0.34470466
233,0.35565272
234,0.3605719
235,0.36659136
236,0.33608326
237,0.27887812
238,0.1565782
239,0.15526958
240,0.14145195
241,0.14535862
242,0.15292999
243,0.3253801
244,0.24216442
245,0.23024204
246,0.34114927
247,0.24418904
248,0.20001303
249,0.3063109
250,0.16878156
251,0.16819872
252,3.5640442
253,1.340085
254,0.8949223
255,3.8624663
256,1.3647794
257,0.79455036
258,2.902419
259,1.1109052
260,0.69559985
261,1.3718514
262,0.8683776
263,0.5716261
264,0.30016926
265,0.24037373
266,0.21894486
267,0.63313466
268,0.32306448
269,0.22022726
270,0.08594853
271,0.09266799
272,0.10350564
273,0.060702953
274,0.061829776
275,0.060127087
276,0.043001335
277,0.04929686
278,0.07040318
279,0.4033919
280,0.41114172
281,0.36426014
282,0.353084
283,0.37932396
284,0.33840317
285,0.24951875
286,0.28925928
287,0.2755036
288,0.25281328
289,0.2688882
290,0.2454403
291,0.18333323
292,0.1337739
293,0.1116796
294,0.0871225
295,0.10612254
296,0.1129844
297,0.18387671
298,0.15326476
299,0.17840908
300,0.18215267
301,0.13714479
302,0.11655108
303,0.120988294
304,0.0966906
305,0.14180966
306,0.7072544
307,0.59637743
308,0.5153218
309,0.70883197
310,0.5915626
311,0.54155856
312,0.64443976
313,0.57104415
314,0.5379822
315,0.4804191
316,0.4349113
317,0.37513876
318,0.26654822
319,0.23239766
320,0.24361251
321,0.27304828
322,0.24530178
323,0.24697343
324,0.10620998
325,0.113443755
326,0.11641224
327,0.099849895
328,0.102312736
329,0.088433586
330,0.07761635
331,0.080001466
332,0.09991438
333,0.54190665
334,0.49732575
335,0.35915878
336,0.51666605
337,0.4772516
338,0.3748243
339,0.48307437
340,0.4428387
341,0.3329275
342,0.31595066
343,0.298391
344,0.2298546
345,0.15425622
346,0.13413641
347,0.14625946
348,0.19605872
349,0.18214919
350,0.15563269
351,0.22825669
352,0.24808006
353,0.2740461
354,0.20126888
355,0.1956542
356,0.18800533
357,0.13136818
358,0.16166714
359,0.20755316
360,1.3860856
361,0.99824387
362,0.8082314
363,1.8766056
364,1.2503468
365,1.0350312
366,1.2978853
367,1.0240327
368,0.72370774
369,0.8439856
370,0.7941904
371,0.5538826
372,0.36006016
373,0.3027181
374,0.29614776
375,0.32422683
376,0.32758573
377,0.3049328
378,0.14653556
379,0.13913096
380,0.12620264
381,0.108738445
382,0.098976165
383,0.08830884
384,0.08265991
385,0.07818041
386,0.080803506
387,1.7172472
388,0.6750573
389,0.42768106
390,1.4290702
391,0.6071795
392,0.42255798
393,0.9695438
394,0.42250115
395,0.30240673
396,0.6027038
397,0.37297922
398,0.23505415
399,0.1426509
400,0.11569323
401,0.11530476
402,0.23343025
403,0.16106494
404,0.118198425
405,0.12298618
406,0.13566707
407,0.13402095
408,0.08521741
409,0.08815815
410,0.078863196
411,0.05673916
412,0.06679835
413,0.0900531
414,0.6104857
415,0.5458954
416,0.37530208
417,0.5369955
418,0.49847966
419,0.38657495
420,0.44667423
421,0.448853
422,0.34334743
423,0.39894903
424,0.3894787
425,0.28189933
426,0.1900721
427,0.14768022
428,0.14453958
429,0.16015564
430,0.16615964
431,0.1457949
432,0.10028272
433,0.10234921
434,0.14740238
435,0.08117962
436,0.07029269
437,0.053098753
438,0.046258338
439,0.044897012
440,0.07073714
441,0.6149427
442,0.61543363
443,0.5880781
444,0.5102945
445,0.51733196
446,0.49445477
447,0.40934965
448,0.37705165
449,0.32179075
450,0.30677468
451,0.30935982
452,0.3110497
453,0.2631385
454,0.19307375
455,0.17805628
456,0.16853431
457,0.17255843
458,0.17585443
459,0.05842724
460,0.06064004
461,0.06759999
462,0.04255993
463,0.039849706
464,0.034200624
465,0.026547676
466,0.028738001
467,0.040093154
468,0.21442471
469,0.19901212
470,0.17419638
471,0.22338977
472,0.21794991
473,0.18786891
474,0.19338654
475,0.20614935
476,0.17230518
477,0.17439878
478,0.17829739
479,0.13846886
480,0.0983548
481,0.074377865
482,0.070387274
483,0.065311305
484,0.07267332
485,0.07310683
486,0.14345941
487,0.13948135
488,0.16457288
489,0.12150265
490,0.09872407
491,0.0775295
492,0.070444584
493,0.06788614
494,0.099796616
495,0.62695587
496,0.55977464
497,0.44843003
498,0.58112586
499,0.5065398
500,0.42366245
501,0.51791114
502,0.47902802
503,0.4050103
504,0.43966335
505,0.41120428
506,0.35174608
507,0.2702197
508,0.19576819
509,0.19932005
510,0.21590886
511,0.20683968
512,0.19984022
513,0.09925863
514,0.100497134
515,0.120176695
516,0.07329567
517,0.06570009
518,0.051592372
519,0.047447305
520,0.04192137
521,0.06485491
522,0.48076078
523,0.38199013
524,0.31585377
525,0.4781217
526,0.37410235
527,0.31983218
528,0.39770508
529,0.33476987
530,0.25782013
531,0.32182744
532,0.2804661
533,0.23744725
534,0.18893641
535,0.12965764
536,0.10873453
537,0.13093309
538,0.11621182
539,0.10797438
540,0.07835197
541,0.078018464
542,0.08854213
543,0.073196836
544,0.07053837
545,0.06665573
546,0.066060364
547,0.06469057
548,0.08111101
549,0.2729547
550,0.26907912
551,0.26969916
552,0.30399966
553,0.30687013
554,0.2841449
555,0.27143168
556,0.27206102
557,0.25641832
558,0.20475507
559,0.20889731
560,0.18505353
561,0.13936684
562,0.12251189
563,0.12562467
564,0.115665436
565,0.120711364
566,0.12760015
567,0.08305231
568,0.078453355
569,0.074483745
570,0.06561604
571,0.05161116
572,0.04724696
573,0.05244488
574,0.040260956
575,0.043103423
576,0.3361942
577,0.27506655
578,0.18681404
579,0.31799966
580,0.25874203
581,0.19061372
582,0.26328984
583,0.19880249
584,0.14977472
585,0.24678731
586,0.17941637
587,0.12653297
588,0.08835893
589,0.080687225
590,0.08040179
591,0.15763544
592,0.10790618
593,0.086837605
594,0.13379602
595,0.13940842
596,0.1711307
597,0.09628833
598,0.08506701
599,0.07510019
600,0.052969728
601,0.052646622
602,0.0779936
603,1.0508119
604,0.96839505
605,0.83657515
606,0.8745501
607,0.8197631
608,0.6659974
609,0.36827558
610,0.36300766
611,0.32155997
612,0.5103855
613,0.5060677
614,0.40559727
615,0.31760874
616,0.2100161
617,0.13143475
618,0.12105559
619,0.1316558
620,0.13204531
621,0.16732182
622,0.19923945
623,0.22460376
624,0.17040421
625,0.17105621
626,0.14366421
627,0.08175611
628,0.100985885
629,0.13327928
630,2.8403518
631,1.6947306
632,1.0449224
633,3.257795
634,2.0289085
635,1.0874443
636,1.3944794
637,0.9757509
638,0.6568846
639,0.84391135
640,0.76383173
641,0.49946743
642,0.37943548
643,0.31433088
644,0.23946676
645,0.27229118
646,0.26659304
647,0.23799662
648,0.08974618
649,0.10497429
650,0.09585499
651,0.078739285
652,0.08354385
653,0.067461
654,0.059051525
655,0.06966338
656,0.073638074
657,0.62903506
658,0.48638278
659,0.28252175
660,0.6920262
661,0.5365369
662,0.3196334
663,0.58790123
664,0.4306641
665,0.26277024
666,0.28809512
667,0.2853769
668,0.19804023
669,0.122682884
670,0.10477809
671,0.1127018
672,0.1800246
673,0.16059166
674,0.117695935
675,0.23175843
676,0.22025234
677,0.27714685
678,0.26840135
679,0.2369234
680,0.21185309
681,0.13279344
682,0.13428664
683,0.20550732
684,1.9693223
685,1.5728568
686,1.3196477
687,2.335536
688,1.8935484
689,1.4622021
690,1.4413472
691,1.2283354
692,0.98932517
693,0.86429083
694,0.77935886
695,0.66725504
696,0.45989472
697,0.46425387
698,0.37193394
699,0.390031
700,0.39473546
701,0.37239268
702,0.08219647
703,0.07926207
704,0.08682893
705,0.043705005
706,0.030429753
707,0.024629096
708,0.038627192
709,0.029427048
710,0.039967157
711,0.3553727
712,0.3145284
713,0.23893517
714,0.28452104
715,0.23081419
716,0.1774082
717,0.25819066
718,0.20950775
719,0.16122195
720,0.27093774
721,0.21838948
722,0.17229496
723,0.11399222
724,0.056439657
725,0.06623657
726,0.1023778
727,0.083636396
728,0.07440544
729,0.11298457
730,0.13323033
731,0.13759515
732,0.050657712
733,0.06505685
734,0.05990259
735,0.027162766
736,0.049935307
737,0.060502987
738,0.6722941
739,0.64763486
740,0.51305544
741,0.39633983
742,0.44350746
743,0.35547423
744,0.24435467
745,0.3077987
746,0.26525295
747,0.38840216
748,0.40081683
749,0.30807245
750,0.22893968
751,0.117126666
752,0.09505691
753,0.06251743
754,0.099915974
755,0.09635486
756,0.0839544
757,0.08760888
758,0.1040709
759,0.06077229
760,0.049330935
761,0.047011282
762,0.04162775
763,0.04548145
764,0.08074163
765,0.68559086
766,0.52857846
767,0.5100893
768,1.7380586
769,1.3495566
770,1.0148275
771,0.629345
772,0.5605452
773,0.5032384
774,0.15860294
775,0.18139806
776,0.19180113
777,0.14533633
778,0.24684125
779,0.14804761
780,0.12342065
781,0.13199963
782,0.14651161
783,0.06952628
784,0.091761135
785,0.088892356
786,0.03436919
787,0.046953432
788,0.04185175
789,0.012764655
790,0.030100856
791,0.035999544
792,0.56042355
793,0.39680627
794,0.28017598
795,0.80218226
796,0.51398724
797,0.33659083
798,0.2787126
799,0.27123553
800,0.19838051
801,0.18489702
802,0.22428855
803,0.16405569
804,0.10289439
805,0.084470786
806,0.06401084
807,0.064532876
808,0.07660716
809,0.06348755
810,0.09047632
811,0.09296649
812,0.12023861
813,0.06075005
814,0.057142735
815,0.047689144
816,0.036034323
817,0.034273706
818,0.06774345
819,0.44555548
820,0.37249452
821,0.3296656
822,0.38205293
823,0.29535046
824,0.27070624
825,0.32907978
826,0.28798047
827,0.2599834
828,0.28004774
829,0.25371245
830,0.2318177
831,0.17062132
832,0.09536545
833,0.10913612
834,0.1382574
835,0.11822402
836,0.11780304
837,0.6243653
838,0.3045573
839,0.30105507
840,0.7490083
841,0.3832411
842,0.28800464
843,0.53428525
844,0.20478201
845,0.24621542
846,3.7976131
847,2.520133
848,1.5319428
849,5.537487
850,3.7285879
851,2.1148474
852,2.4881763
853,1.383134
854,1.0461768
855,1.372006
856,0.7401438
857,0.61455035
858,0.47401354
859,0.66610193
860,0.5126345
861,0.9704683
862,0.53897065
863,0.48800197
864,0.0767721
865,0.08078972
866,0.112540245
867,0.04199419
868,0.037556175
869,0.030998526
870,0.02599521
871,0.027131565
872,0.047944315
873,0.39851075
874,0.40172338
875,0.37997338
876,0.2819306
877,0.29113188
878,0.2679353
879,0.17796975
880,0.17825691
881,0.16928482
882,0.22879088
883,0.23520029
884,0.2285029
885,0.20242436
886,0.10826298
887,0.07473351
888,0.06250021
889,0.069253854
890,0.07304143
891,0.50276554
892,0.32508036
893,0.27102733
894,0.57815075
895,0.333954
896,0.27890158
897,0.4316675
898,0.31231546
899,0.27353716
900,1.3250841
901,0.72066736
902,0.4835336
903,1.5426902
904,0.794954
905,0.53032273
906,1.001788
907,0.59227735
908,0.39908004
909,0.67542446
910,0.4416619
911,0.31642976
912,0.2484305
913,0.24582995
914,0.24838394
915,0.42201686
916,0.3248764
917,0.25085872
918,0.1366232
919,0.13744096
920,0.1794751
921,0.102552734
922,0.08785833
923,0.0782736
924,0.059121355
925,0.05616494
926,0.10142457
927,1.0263427
928,0.9424745
929,0.8644304
930,0.89560056
931,0.8380215
932,0.6964702
933,0.45920384
934,0.44237536
935,0.39898834
936,0.4602936
937,0.45915067
938,0.42283297
939,0.3299423
940,0.21817406
941,0.15602839
942,0.1306152
943,0.14047405
944,0.15179282
945,0.088931285
946,0.06898403
947,0.0684136
948,0.06292084
949,0.037265267
950,0.02447506
951,0.047203973
952,0.027439095
953,0.028919017
954,0.37952092
955,0.28596833
956,0.20397484
957,0.33469498
958,0.25567433
959,0.18823446
960,0.27802047
961,0.21644348
962,0.14519018
963,0.2828938
964,0.2188776
965,0.15089314
966,0.10279082
967,0.06880624
968,0.05261181
969,0.10090473
970,0.06504308
971,0.052817434
972,0.14040427
973,0.15678145
974,0.21303178
975,0.13001436
976,0.13907787
977,0.15550981
978,0.08591468
979,0.10117007
980,0.18511835
981,0.88722277
982,0.8598194
983,0.8043955
984,1.4741722
985,1.2784457
986,1.0798656
987,0.6951279
988,0.6571529
989,0.5854898
990,0.4614263
991,0.504835
992,0.4965085
993,0.36335018
994,0.3809893
995,0.24747516
996,0.18594271
997,0.22124982
998,0.24998645
999,0.11049997
1000,0.10499575
1001,0.1184986
1002,0.06968535
1003,0.051005136
1004,0.04382772
1005,0.049199972
1006,0.036720447
1007,0.04998641
1008,0.45736137
1009,0.3834721
1010,0.29883516
1011,0.34578145
1012,0.27047527
1013,0.2082417
1014,0.30506006
1015,0.24607114
1016,0.18961953
1017,0.33658236
1018,0.28952622
1019,0.22754876
1020,0.16537909
1021,0.08213716
1022,0.08355017
1023,0.13961071
1024,0.09960447
1025,0.08490207
1026,0.09806509
1027,0.10412042
1028,0.12577783
1029,0.07209007
1030,0.07135864
1031,0.06884541
1032,0.036043994
1033,0.045456547
1034,0.06551583
1035,1.5091423
1036,0.9724673
1037,0.85062116
1038,1.5552969
1039,0.9668264
1040,0.7640451
1041,0.7937178
1042,0.54455113
1043,0.47061703
1044,0.4599663
1045,0.42389682
1046,0.354734
1047,0.283197
1048,0.23332393
1049,0.18612829
1050,0.17908981
1051,0.19417815
1052,0.18640524
1053,0.06906582
1054,0.069827795
1055,0.07717935
1056,0.04291205
1057,0.039855186
1058,0.037087984
1059,0.026645822
1060,0.028353672
1061,0.03910095
1062,0.33398673
1063,0.3418694
1064,0.31649652
1065,0.25299415
1066,0.26920584
1067,0.22871062
1068,0.16666588
1069,0.17604609
1070,0.18436168
1071,0.198135
1072,0.20794645
1073,0.18354951
1074,0.13839395
1075,0.08363247
1076,0.06862297
1077,0.060794067
1078,0.067727365
1079,0.07201635
1080,0.109696016
1081,0.11305127
1082,0.11534422
1083,0.09151618
1084,0.095277436
1085,0.09430156
1086,0.08444705
1087,0.0883579
1088,0.0971428
1089,0.29073215
1090,0.27385074
1091,0.24246156
1092,0.25691378
1093,0.2540639
1094,0.21133131
1095,0.20994954
1096,0.19885896
1097,0.1805578
1098,0.2047952
1099,0.19924982
1100,0.16001046
1101,0.13475344
1102,0.11288658
1103,0.104711965
1104,0.10711074
1105,0.11266201
1106,0.10720076
1107,0.21636873
1108,0.22721796
1109,0.28456476
1110,0.19902931
1111,0.194145
1112,0.15847643
1113,0.13122207
1114,0.13737884
1115,0.19019
1116,2.230059
1117,2.1984427
1118,1.934199
1119,1.6583085
1120,1.6465073
1121,1.3681699
1122,1.0690054
1123,0.8942378
1124,0.73441267
1125,0.7910697
1126,0.77325577
1127,0.7379106
1128,0.6013474
1129,0.48551768
1130,0.33073306
1131,0.29351
1132,0.3083674
1133,0.32286704
1134,0.156637
1135,0.14516336
1136,0.16216043
1137,0.14045468
1138,0.12123016
1139,0.10438088
1140,0.10582015
1141,0.08696856
1142,0.12151404
1143,0.9078676
1144,0.68355304
1145,0.5020639
1146,0.8500663
1147,0.64680785
1148,0.4965223
1149,0.72361183
1150,0.5953451
1151,0.44974694
1152,0.5915922
1153,0.47069928
1154,0.3606939
1155,0.2530004
1156,0.2008295
1157,0.19602314
1158,0.2976191
1159,0.2309231
1160,0.1984137
1161,0.079158016
1162,0.079425864
1163,0.08658311
1164,0.06973747
1165,0.06584753
1166,0.061559934
1167,0.06215318
1168,0.06158834
1169,0.07146237
1170,0.29221857
1171,0.28231826
1172,0.26009652
1173,0.3112941
1174,0.30845767
1175,0.26810214
1176,0.26020718
1177,0.2524624
1178,0.21865404
1179,0.22048098
1180,0.21117581
1181,0.18270007
1182,0.13416897
1183,0.11452806
1184,0.114036605
1185,0.11114685
1186,0.112996705
1187,0.113119446
1188,0.113691024
1189,0.13135354
1190,0.14878541
1191,0.081476204
1192,0.087852605
1193,0.09060171
1194,0.04861756
1195,0.062368277
1196,0.098623745
1197,0.77624285
1198,0.7536859
1199,0.67043203
1200,0.7146261
1201,0.7451127
1202,0.6344349
1203,0.3880453
1204,0.4337124
1205,0.4171284
1206,0.4012357
1207,0.4055892
1208,0.35724378
1209,0.26720777
1210,0.21092781
1211,0.1696733
1212,0.13694443
1213,0.15729962
1214,0.1631856
1215,0.098982766
1216,0.10872351
1217,0.11214598
1218,0.07356059
1219,0.075365365
1220,0.06505583
1221,0.055858176
1222,0.05997328
1223,0.074274145
1224,0.48232993
1225,0.4366073
1226,0.31475478
1227,0.42938095
1228,0.38576087
1229,0.2905869
1230,0.3993228
1231,0.38576165
1232,0.27766988
1233,0.33929464
1234,0.3327658
1235,0.24454074
1236,0.16578163
1237,0.102431394
1238,0.11292803
1239,0.15757126
1240,0.15468857
1241,0.11862232
1242,0.15666017
1243,0.166568
1244,0.19225335
1245,0.15232608
1246,0.14703815
1247,0.12959698
1248,0.11676839
1249,0.12205589
1250,0.16240004
1251,1.2722329
1252,1.259158
1253,1.1766173
1254,0.93123716
1255,0.9179138
1256,0.8155107
1257,0.7889353
1258,0.7301219
1259,0.6492604
1260,0.6441684
1261,0.6589648
1262,0.6118066
1263,0.46663028
1264,0.29679808
1265,0.295493
1266,0.26452997
1267,0.2802794
1268,0.2901917
1269,0.097148955
1270,0.09539858
1271,0.1088046
1272,0.072287984
1273,0.06466401
1274,0.056510117
1275,0.042884372
1276,0.044490103
1277,0.056185305
1278,0.3451282
1279,0.31628957
1280,0.28228003
1281,0.41929227
1282,0.38310382
1283,0.31601703
1284,0.24210608
1285,0.21719988
1286,0.19964547
1287,0.21310072
1288,0.19957738
1289,0.1799724
1290,0.15361859
1291,0.13153706
1292,0.09446931
1293,0.105157025
1294,0.098147675
1295,0.0926568
1296,0.061603714
1297,0.06519933
1298,0.062216427
1299,0.040159628
1300,0.039557118
1301,0.034554485
1302,0.029363759
1303,0.03384782
1304,0.040526837
1305,0.28994992
1306,0.23739073
1307,0.1745481
1308,0.28171661
1309,0.24872465
1310,0.19286929
1311,0.22683969
1312,0.19315878
1313,0.14713785
1314,0.18084611
1315,0.15880606
1316,0.115627095
1317,0.07449149
1318,0.072810054
1319,0.066162206
1320,0.079814695
1321,0.07578762
1322,0.06637447
1323,0.08195957
1324,0.07409
1325,0.07761077
1326,0.05693988
1327,0.04137295
1328,0.037557255
1329,0.03512639
1330,0.022526683
1331,0.0297651
1332,0.39495662
1333,0.28922176
1334,0.21016154
1335,0.4043539
1336,0.29864213
1337,0.21914484
1338,0.323321
1339,0.23228967
1340,0.15909319
1341,0.23530649
1342,0.17387176
1343,0.13103747
1344,0.09143355
1345,0.07775955
1346,0.070530154
1347,0.12546657
1348,0.0870248
1349,0.07390711
1350,0.16854167
1351,0.17447373
1352,0.25922826
1353,0.14243166
1354,0.13436246
1355,0.12869385
1356,0.09176182
1357,0.0952551
1358,0.17059687
1359,1.0533143
1360,0.9878793
1361,0.90979844
1362,0.8822465
1363,0.8457888
1364,0.76646364
1365,0.5703133
1366,0.62576115
1367,0.60759276
1368,0.6129257
1369,0.6124216
1370,0.5883405
1371,0.4500705
1372,0.30899465
1373,0.2598772
1374,0.2063017
1375,0.22241317
1376,0.2448097
1377,0.10342796
1378,0.10916169
1379,0.13002138
1380,0.08189212
1381,0.080593176
1382,0.071676284
1383,0.04454173
1384,0.04519917
1385,0.07555193
1386,0.37182802
1387,0.34980878
1388,0.31917632
1389,0.3846691
1390,0.34623963
1391,0.29320103
1392,0.30104333
1393,0.27182144
1394,0.24027845
1395,0.23612677
1396,0.22909988
1397,0.21462712
1398,0.17693505
1399,0.15115292
1400,0.12630363
1401,0.14171681
1402,0.13500261
1403,0.12806724
1404,0.22804047
1405,0.23504692
1406,0.28287786
1407,0.21717225
1408,0.20663817
1409,0.1735158
1410,0.13606945
1411,0.14003746
1412,0.21074021
1413,1.7423705
1414,1.7101645
1415,1.5577099
1416,1.5131822
1417,1.4942043
1418,1.2911313
1419,1.0913849
1420,1.0325745
1421,0.8975639
1422,0.8711107
1423,0.8799631
1424,0.8002238
1425,0.5973568
1426,0.45660153
1427,0.4034004
1428,0.36237615
1429,0.37099478
1430,0.3838412
1431,0.09789795
1432,0.11047173
1433,0.14598016
1434,0.06378046
1435,0.060479295
1436,0.04701287
1437,0.03290891
1438,0.037892997
1439,0.06551734
1440,0.5238588
1441,0.51563966
1442,0.42328015
1443,0.4882138
1444,0.48472396
1445,0.4053235
1446,0.34725758
1447,0.3705663
1448,0.32367313
1449,0.3421213
1450,0.35844296
1451,0.32581452
1452,0.24725212
1453,0.15281379
1454,0.13194641
1455,0.11069956
1456,0.12686619
1457,0.13233046
1458,0.10508254
1459,0.13783257
1460,0.14300828
1461,0.085178
1462,0.108197734
1463,0.101767644
1464,0.037294246
1465,0.0714325
1466,0.08710957
1467,0.6017659
1468,0.6142166
1469,0.5261853
1470,1.1190609
1471,0.9457885
1472,0.67237633
1473,0.44724628
1474,0.4375112
1475,0.32844886
1476,0.2714304
1477,0.3389611
1478,0.286189
1479,0.20958471
1480,0.18131883
1481,0.12522866
1482,0.10971268
1483,0.13668187
1484,0.12577364
1485,0.104644276
1486,0.12052423
1487,0.115374826
1488,0.06686484
1489,0.06123243
1490,0.051498536
1491,0.047333177
1492,0.044940066
1493,0.053228058
1494,0.95151347
1495,0.4250062
1496,0.2718802
1497,0.871825
1498,0.41440806
1499,0.28657264
1500,0.5771663
1501,0.33032867
1502,0.19744822
1503,0.40664884
1504,0.27380365
1505,0.17483838
1506,0.08805056
1507,0.05569974
1508,0.07271018
1509,0.13448669
1510,0.09856477
1511,0.078986816
1512,0.18013406
1513,0.13530292
1514,0.14581504
1515,0.19878384
1516,0.14286675
1517,0.10640823
1518,0.15969655
1519,0.10484008
1520,0.11334673
1521,1.0958288
1522,0.63361216
1523,0.3732137
1524,1.0894201
1525,0.6326871
1526,0.42010534
1527,1.0204374
1528,0.63087004
1529,0.45747876
1530,0.56325096
1531,0.41162506
1532,0.27448475
1533,0.16044655
1534,0.13595952
1535,0.15628682
1536,0.32732195
1537,0.21190615
1538,0.16892956
1539,0.096510306
1540,0.107183866
1541,0.10320715
1542,0.0704902
1543,0.07567809
1544,0.062206037
1545,0.050280385
1546,0.05889236
1547,0.07629717
1548,0.4988031
1549,0.43951297
1550,0.29167238
1551,0.457232
1552,0.40675867
1553,0.31299874
1554,0.41279194
1555,0.40709057
1556,0.28968528
1557,0.35379922
1558,0.33254594
1559,0.22438298
1560,0.13888091
1561,0.113348104
1562,0.11777525
1563,0.14882325
1564,0.15228237
1565,0.1214992
1566,0.12595308
1567,0.12330832
1568,0.14432263
1569,0.10346994
1570,0.082318336
1571,0.06901666
1572,0.07206373
1573,0.057440206
1574,0.08668108
1575,0.7773849
1576,0.49513328
1577,0.38790262
1578,0.75275326
1579,0.44559163
1580,0.3652816
1581,0.63090557
1582,0.4510211
1583,0.3525785
1584,0.44832417
1585,0.37280175
1586,0.29027224
1587,0.19365951
1588,0.13237719
1589,0.14820804
1590,0.2225585
1591,0.17810473
1592,0.15457597
1593,0.15872203
1594,0.17503649
1595,0.16386025
1596,0.13511868
1597,0.1301212
1598,0.10408072
1599,0.093310885
1600,0.10056667
1601,0.0998359
1602,0.880455
1603,0.48456612
1604,0.3889424
1605,1.3019261
1606,0.6074319
1607,0.48514664
1608,0.8839525
1609,0.540882
1610,0.38023075
1611,0.54398555
1612,0.41520566
1613,0.26408124
1614,0.15389328
1615,0.10285743
1616,0.13639934
1617,0.24582385
1618,0.1980847
1619,0.14346974
1620,0.11047889
1621,0.11910667
1622,0.13642193
1623,0.066528246
1624,0.06398198
1625,0.059924237
1626,0.04574278
1627,0.050175518
1628,0.06798172
1629,0.47599015
1630,0.44651616
1631,0.37057358
1632,0.3857466
1633,0.36121285
1634,0.30601603
1635,0.26668113
1636,0.25886485
1637,0.22331329
1638,0.31725812
1639,0.31016672
1640,0.26140535
1641,0.20590356
1642,0.13181095
1643,0.098119944
1644,0.084459715
1645,0.09377927
1646,0.09983359
1647,0.09380271
1648,0.09391512
1649,0.117031015
1650,0.08583916
1651,0.08004061
1652,0.06996518
1653,0.06377111
1654,0.06325383
1655,0.086883284
1656,0.4178274
1657,0.41492942
1658,0.39355764
1659,0.39259157
1660,0.39003757
1661,0.3658392
1662,0.3335998
1663,0.3086424
1664,0.27013716
1665,0.251659
1666,0.24261981
1667,0.23969218
1668,0.21948804
1669,0.18294121
1670,0.18094173
1671,0.17522432
1672,0.173428
1673,0.17792171
1674,0.14870216
1675,0.15877017
1676,0.18623021
1677,0.091568835
1678,0.09272892
1679,0.08134086
1680,0.062406413
1681,0.07199885
1682,0.10564863
1683,0.78427595
1684,0.70146537
1685,0.59526736
1686,0.56311494
1687,0.5478652
1688,0.49901232
1689,0.42119253
1690,0.4421722
1691,0.3836899
1692,0.48117104
1693,0.4842287
1694,0.4159691
1695,0.2963021
1696,0.17875353
1697,0.14411238
1698,0.13036844
1699,0.14756791
1700,0.14905167
1701,0.11677501
1702,0.118379004
1703,0.13324851
1704,0.10404449
1705,0.099879734
1706,0.08469682
1707,0.07866553
1708,0.08112609
1709,0.109449126
1710,0.5443588
1711,0.5088222
1712,0.46361846
1713,0.52300537
1714,0.5052084
1715,0.4646891
1716,0.43723038
1717,0.45904142
1718,0.40304872
1719,0.35834607
1720,0.36038014
1721,0.2973568
1722,0.21735676
1723,0.1809841
1724,0.1621955
1725,0.14629622
1726,0.15627688
1727,0.156469
1728,0.12146758
1729,0.13243125
1730,0.14619997
1731,0.08995615
1732,0.08793468
1733,0.074180305
1734,0.05517493
1735,0.060578898
1736,0.081416756
1737,1.1200227
1738,0.8755745
1739,0.6075604
1740,0.9886674
1741,0.79538536
1742,0.5278894
1743,0.64713335
1744,0.6049213
1745,0.47253522
1746,0.6014741
1747,0.5833105
1748,0.40255362
1749,0.22602537
1750,0.16264267
1751,0.15693496
1752,0.17573902
1753,0.18691942
1754,0.1570476
1755,0.10674692
1756,0.12248539
1757,0.1249602
1758,0.074101925
1759,0.078773454
1760,0.074606076
1761,0.041297812
1762,0.053226676
1763,0.067940235
1764,0.7533696
1765,0.55896795
1766,0.429799
1767,1.1783028
1768,0.79814214
1769,0.54365385
1770,0.55093104
1771,0.44526544
1772,0.32900664
1773,0.2965477
1774,0.32521176
1775,0.25957465
1776,0.17364268
1777,0.16479686
1778,0.15614438
1779,0.16109385
1780,0.17031817
1781,0.15765448
1782,0.12689418
1783,0.12121428
1784,0.12512103
1785,0.09799147
1786,0.080951594
1787,0.078858316
1788,0.0727549
1789,0.060953196
1790,0.08587686
1791,0.8917365
1792,0.6882534
1793,0.5594203
1794,0.7635509
1795,0.5952958
1796,0.52175564
1797,0.5142952
1798,0.39054307
1799,0.34286693
1800,0.4544655
1801,0.36334324
1802,0.27305898
1803,0.19430006
1804,0.15474181
1805,0.14817116
1806,0.18591046
1807,0.15123095
1808,0.1463636
1809,0.10888144
1810,0.11578473
1811,0.10791677
1812,0.07129906
1813,0.07275927
1814,0.06461048
1815,0.043700997
1816,0.04997788
1817,0.059814278
1818,1.1431367
1819,0.64267814
1820,0.40888882
1821,1.0215217
1822,0.5797266
1823,0.4015571
1824,0.6051502
1825,0.39929736
1826,0.26612356
1827,0.381601
1828,0.29844674
1829,0.19696859
1830,0.12926207
1831,0.09824948
1832,0.095704734
1833,0.13111956
1834,0.11541492
1835,0.09536093
1836,0.102872916
1837,0.096178696
1838,0.099124804
1839,0.08231845
1840,0.07031549
1841,0.06765272
1842,0.060784806
1843,0.056269873
1844,0.06846775
1845,0.48130447
1846,0.4208107
1847,0.37110725
1848,0.38424805
1849,0.34027082
1850,0.30365476
1851,0.30462152
1852,0.2761868
1853,0.27382812
1854,0.37389147
1855,0.32555592
1856,0.24573869
1857,0.17139459
1858,0.120089136
1859,0.1091676
1860,0.119586326
1861,0.10962653
1862,0.10965891
1863,0.21387538
1864,0.22581689
1865,0.21737917
1866,0.18558048
1867,0.16556922
1868,0.14363785
1869,0.12059959
1870,0.14040753
1871,0.15198036
1872,1.4693043
1873,0.8486315
1874,0.7329337
1875,1.8510637
1876,0.9661165
1877,0.7996273
1878,1.2584339
1879,0.8346135
1880,0.629162
1881,0.92067295
1882,0.6864084
1883,0.49013382
1884,0.2831996
1885,0.1955062
1886,0.21890342
1887,0.31180206
1888,0.2616946
1889,0.22642282
1890,0.097661056
1891,0.11259361
1892,0.11643615
1893,0.07723378
1894,0.08166493
1895,0.07338444
1896,0.046158794
1897,0.05318864
1898,0.07122647
1899,0.45775205
1900,0.4541815
1901,0.31049728
1902,0.6021875
1903,0.54339
1904,0.3406434
1905,0.47658825
1906,0.4444623
1907,0.30184552
1908,0.26799205
1909,0.28794193
1910,0.21763282
1911,0.13408822
1912,0.11897145
1913,0.112348594
1914,0.14615725
1915,0.15147553
1916,0.117001034
1917,0.14460883
1918,0.13822056
1919,0.15427068
1920,0.13302734
1921,0.11752116
1922,0.10433837
1923,0.10255654
1924,0.09768303
1925,0.1409055
1926,0.9691365
1927,0.8660834
1928,0.66280943
1929,0.8894505
1930,0.86744744
1931,0.73405606
1932,0.77711004
1933,0.708059
1934,0.5722374
1935,0.5632389
1936,0.48776513
1937,0.41317448
1938,0.29598564
1939,0.2720198
1940,0.25646225
1941,0.2649696
1942,0.2625541
1943,0.26005718
1944,0.113998234
1945,0.119214274
1946,0.16098875
1947,0.07404871
1948,0.07120971
1949,0.064611524
1950,0.055393495
1951,0.06165975
1952,0.08544016
1953,0.5831702
1954,0.59641683
1955,0.5780601
1956,0.4182633
1957,0.42950094
1958,0.39350033
1959,0.3031166
1960,0.2987635
1961,0.28154123
1962,0.37697962
1963,0.37351596
1964,0.36412197
1965,0.3223813
1966,0.1908107
1967,0.13218331
1968,0.116517395
1969,0.12378765
1970,0.1281528
1971,0.12602033
1972,0.15191568
1973,0.20381081
1974,0.13143757
1975,0.14508396
1976,0.121788405
1977,0.08076587
1978,0.09811655
1979,0.15015437
1980,1.3684366
1981,1.3357524
1982,1.1146445
1983,1.240024
1984,1.2323871
1985,1.025295
1986,1.0164025
1987,0.9843153
1988,0.7675916
1989,0.6975376
1990,0.69981474
1991,0.61373943
1992,0.42620334
1993,0.30999717
1994,0.30812973
1995,0.3194585
1996,0.33077592
1997,0.31452248
1998,0.1737633
1999,0.17058739
2000,0.18643844
2001,0.16467011
2002,0.15573624
2003,0.1489522
2004,0.14511025
2005,0.15646665
2006,0.19799682
2007,1.5576354
2008,1.4058392
2009,1.1287386
2010,1.7927197
2011,1.6194215
2012,1.1434631
2013,1.1553911
2014,0.9695727
2015,0.7124403
2016,0.600635
2017,0.5846324
2018,0.48801678
2019,0.44177943
2020,0.42806414
2021,0.3783424
2022,0.4000078
2023,0.39523077
2024,0.37065956
2025,0.11301454
2026,0.119389914
2027,0.151236
2028,0.10083873
2029,0.092530906
2030,0.08114566
2031,0.05778928
2032,0.06277014
2033,0.10319564
2034,0.840223
2035,0.65671843
2036,0.5080695
2037,0.91420615
2038,0.7092137
2039,0.49852055
2040,0.5206719
2041,0.4509385
2042,0.3510812
2043,0.41871428
2044,0.38474134
2045,0.3239862
2046,0.24588332
2047,0.2079438
2048,0.1790065
2049,0.19638358
2050,0.19526699
2051,0.17712285
2052,0.09188028
2053,0.10092945
2054,0.105002664
2055,0.039593186
2056,0.04092298
2057,0.03502899
2058,0.035171095
2059,0.040768094
2060,0.055326086
2061,0.2629871
2062,0.27592027
2063,0.24446027
2064,0.2783745
2065,0.28137603
2066,0.22980712
2067,0.25665382
2068,0.26641124
2069,0.21882218
2070,0.22138277
2071,0.23351479
2072,0.19976406
2073,0.13531832
2074,0.07987358
2075,0.08922634
2076,0.089740545
2077,0.09685064
2078,0.090506956
2079,0.08487765
2080,0.08903195
2081,0.09977812
2082,0.081622824
2083,0.0830945
2084,0.079930775
2085,0.07442441
2086,0.078758195
2087,0.09278737
2088,0.289624
2089,0.27807796
2090,0.2590289
2091,0.32542488
2092,0.31629217
2093,0.28348893
2094,0.2808672
2095,0.2720064
2096,0.25416106
2097,0.24526949
2098,0.22596559
2099,0.19951282
2100,0.1584535
2101,0.13717423
2102,0.13754253
2103,0.13028519
2104,0.12819085
2105,0.13267823
2106,0.11721808
2107,0.118242875
2108,0.15090476
2109,0.10134659
2110,0.09272578
2111,0.077154726
2112,0.06850018
2113,0.06841016
2114,0.1104899
2115,0.72796607
2116,0.74440247
2117,0.71905917
2118,0.6460038
2119,0.6645837
2120,0.59684134
2121,0.44900072
2122,0.46722528
2123,0.4759533
2124,0.44535434
2125,0.44531026
2126,0.4274745
2127,0.29705113
2128,0.2317476
2129,0.19514295
2130,0.17605723
2131,0.1819159
2132,0.19318104
2133,0.15428287
2134,0.13295314
2135,0.15096919
2136,0.1443729
2137,0.10817589
2138,0.08889406
2139,0.09686052
2140,0.06894208
2141,0.10071836
2142,0.83697313
2143,0.5182324
2144,0.37257043
2145,0.86631167
2146,0.5140022
2147,0.3901293
2148,0.75648016
2149,0.48212245
2150,0.36326262
2151,0.41912666
2152,0.31839752
2153,0.25620982
2154,0.2049914
2155,0.16627146
2156,0.18296461
2157,0.28224915
2158,0.22006251
2159,0.18648884
2160,0.1322404
2161,0.13604131
2162,0.17901962
2163,0.08519627
2164,0.07926385
2165,0.0609948
2166,0.03409169
2167,0.038484618
2168,0.06907756
2169,1.068048
2170,1.0240958
2171,0.90805703
2172,1.0631636
2173,1.0357218
2174,0.84473574
2175,0.5606013
2176,0.5158715
2177,0.41482857
2178,0.46822304
2179,0.46359813
2180,0.418793
2181,0.35043705
2182,0.2611017
2183,0.1372983
2184,0.12216931
2185,0.12963592
2186,0.14030002
2187,0.07748531
2188,0.07450727
2189,0.08135004
2190,0.06233125
2191,0.05472782
2192,0.053375155
2193,0.049147308
2194,0.046272684
2195,0.05794359
2196,0.33070087
2197,0.28578728
2198,0.26277113
2199,0.2806174
2200,0.24551077
2201,0.2086776
2202,0.21320885
2203,0.1896937
2204,0.19980554
2205,0.24505389
2206,0.20605618
2207,0.17804721
2208,0.13371354
2209,0.099649
2210,0.09113952
2211,0.09749179
2212,0.08810699
2213,0.09060893
2214,0.0950364
2215,0.10397734
2216,0.11007206
2217,0.082534745
2218,0.08735631
2219,0.07358404
2220,0.064087026
2221,0.0692996
2222,0.0869356
2223,0.51359344
2224,0.46175316
2225,0.33741924
2226,0.4595039
2227,0.40468276
2228,0.33527622
2229,0.41239932
2230,0.37431857
2231,0.30489603
2232,0.31490272
2233,0.28846163
2234,0.23044917
2235,0.15617238
2236,0.12503435
2237,0.13068098
2238,0.1752029
2239,0.15660433
2240,0.13722248
2241,0.086182855
2242,0.0923538
2243,0.11546471
2244,0.06911064
2245,0.07016276
2246,0.0716801
2247,0.043654297
2248,0.04794973
2249,0.0877637
2250,0.56128263
2251,0.56839764
2252,0.5044564
2253,0.5343021
2254,0.5603815
2255,0.5044728
2256,0.41869175
2257,0.4258806
2258,0.36889675
2259,0.30747065
2260,0.310847
2261,0.27521515
2262,0.20084843
2263,0.1589385
2264,0.15134977
2265,0.1346592
2266,0.14448984
2267,0.1504579
2268,0.28001425
2269,0.22405742
2270,0.2522591
2271,0.3165717
2272,0.2267404
2273,0.21378978
2274,0.17094408
2275,0.11606338
2276,0.17552346
2277,3.1180584
2278,2.262657
2279,1.589284
2280,4.6699004
2281,3.3512807
2282,2.2961414
2283,1.8415122
2284,1.1232901
2285,0.89987576
2286,0.8389335
2287,0.7019328
2288,0.5655344
2289,0.43297955
2290,0.67862046
2291,0.2987962
2292,0.35197428
2293,0.28330314
2294,0.2872766
2295,0.170914
2296,0.19173166
2297,0.17025198
2298,0.17210025
2299,0.18454182
2300,0.14600913
2301,0.13157137
2302,0.15452006
2303,0.15341611
2304,1.1146516
2305,0.7894025
2306,0.5235368
2307,1.1007973
2308,0.8083575
2309,0.5860641
2310,0.9776579
2311,0.83401537
2312,0.57054824
2313,0.6612498
2314,0.6278251
2315,0.37585512
2316,0.17756891
2317,0.15756571
2318,0.17817365
2319,0.28192374
2320,0.26678026
2321,0.18469796
2322,0.1196547
2323,0.12548053
2324,0.12362862
2325,0.10974533
2326,0.10690337
2327,0.09564703
2328,0.078139886
2329,0.08555071
2330,0.09690216
2331,0.68489766
2332,0.6359719
2333,0.48891923
2334,0.60656154
2335,0.58473355
2336,0.4616967
2337,0.43007955
2338,0.44139582
2339,0.33534828
2340,0.39382413
2341,0.37347034
2342,0.2756055
2343,0.18510632
2344,0.16444395
2345,0.14698252
2346,0.17373283
2347,0.17423354
2348,0.15100756
2349,0.20840694
2350,0.22150041
2351,0.21316265
2352,0.18589634
2353,0.19415946
2354,0.17355342
2355,0.13969956
2356,0.15439105
2357,0.17512466
2358,3.1334887
2359,1.3350306
2360,0.966366
2361,2.8022876
2362,1.2229556
2363,0.9265406
2364,1.7468582
2365,0.94374925
2366,0.71520174
2367,1.0504451
2368,0.8786963
2369,0.5878552
2370,0.3497925
2371,0.27319324
2372,0.2698181
2373,0.39215642
2374,0.33221352
2375,0.2753783
2376,0.16377698
2377,0.18476374
2378,0.1702488
2379,0.12871541
2380,0.13968492
2381,0.11872537
2382,0.09284402
2383,0.110408366
2384,0.12773983
2385,0.94368804
2386,0.7026451
2387,0.45458645
2388,0.9254496
2389,0.7020489
2390,0.4869538
2391,0.7369432
2392,0.6234624
2393,0.45086572
2394,0.58928716
2395,0.5144022
2396,0.36244282
2397,0.22944508
2398,0.19414592
2399,0.19392857
2400,0.25910974
2401,0.24750605
2402,0.19951239
2403,0.20715848
2404,0.18988025
2405,0.17577465
2406,0.19970079
2407,0.17192607
2408,0.13794269
2409,0.15701085
2410,0.13892378
2411,0.14109737
2412,1.6499316
2413,1.1549071
2414,0.80937135
2415,1.5125563
2416,1.1125411
2417,0.7491795
2418,1.1212277
2419,0.85053545
2420,0.5842621
2421,0.8757134
2422,0.6905589
2423,0.47797832
2424,0.28718415
2425,0.2584113
2426,0.2675199
2427,0.3825473
2428,0.33391994
2429,0.26879278
2430,0.13527262
2431,0.14403541
2432,0.21279144
2433,0.1529276
2434,0.14222577
2435,0.13044043
2436,0.09084757
2437,0.08932357
2438,0.17668281
2439,1.0681206
2440,1.038618
2441,0.93735725
2442,1.1510547
2443,1.1219923
2444,1.0054246
2445,0.9484114
2446,0.9502082
2447,0.8507961
2448,0.5206513
2449,0.54152286
2450,0.5185748
2451,0.33786428
2452,0.28999266
2453,0.2877797
2454,0.24550281
2455,0.26287425
2456,0.2848373
2457,0.24835093
2458,0.27685222
2459,0.3369416
2460,0.29077166
2461,0.29122293
2462,0.25053746
2463,0.13414404
2464,0.15297815
2465,0.23581189
2466,2.6633832
2467,2.1986492
2468,1.860288
2469,3.0606143
2470,2.5970528
2471,1.9760401
2472,1.5239421
2473,1.3603375
2474,1.107334
2475,0.8086148
2476,0.8502035
2477,0.74095005
2478,0.56143284
2479,0.53663015
2480,0.41347027
2481,0.36706877
2482,0.40996268
2483,0.400955
2484,0.090181686
2485,0.083722554
2486,0.08899733
2487,0.055941176
2488,0.044657227
2489,0.04201832
2490,0.031601995
2491,0.02607735
2492,0.03460226
2493,0.36489576
2494,0.32261783
2495,0.259091
2496,0.36931854
2497,0.32522878
2498,0.23408985
2499,0.22801496
2500,0.19032906
2501,0.15407683
2502,0.20375462
2503,0.17464194
2504,0.15045543
2505,0.1320129
2506,0.09482773
2507,0.06831964
2508,0.09401824
2509,0.07943231
2510,0.07073858
2511,0.1285916
2512,0.09853711
2513,0.10773772
2514,0.092629485
2515,0.052938584
2516,0.03924216
2517,0.06371631
2518,0.04334016
2519,0.056546185
2520,0.72144663
2521,0.4484542
2522,0.29018688
2523,0.5855055
2524,0.3523876
2525,0.24729674
2526,0.44494247
2527,0.31520352
2528,0.22069441
2529,0.4416169
2530,0.32027274
2531,0.21875188
2532,0.14256193
2533,0.07811548
2534,0.08477582
2535,0.14758174
2536,0.109211825
2537,0.0910037
2538,0.117028445
2539,0.11650168
2540,0.143465
2541,0.09078229
2542,0.07874549
2543,0.06444548
2544,0.05403297
2545,0.053108104
2546,0.07752577
2547,0.4981001
2548,0.49702808
2549,0.4923604
2550,0.5205394
2551,0.52567685
2552,0.47892505
2553,0.2772633
2554,0.2703262
2555,0.27226156
2556,0.2549725
2557,0.2593501
2558,0.27218106
2559,0.25724232
2560,0.22676854
2561,0.13094261
2562,0.120008074
2563,0.124428295
2564,0.13113947
2565,0.31139508
2566,0.25269625
2567,0.2184485
2568,0.22345628
2569,0.19435228
2570,0.16333444
2571,0.17549069
2572,0.14647801
2573,0.15327516
2574,2.6761465
2575,1.1454664
2576,0.7878291
2577,2.5899189
2578,1.0606006
2579,0.77000463
2580,1.3876861
2581,0.8067399
2582,0.6003228
2583,1.1074604
2584,0.7555964
2585,0.52826947
2586,0.33014673
2587,0.2520928
2588,0.24234356
2589,0.36691982
2590,0.29569623
2591,0.24530174
2592,0.06788904
2593,0.06813986
2594,0.075255
2595,0.053397086
2596,0.04957682
2597,0.043705285
2598,0.035773378
2599,0.036225345
2600,0.05088507
2601,0.30782342
2602,0.276164
2603,0.24011664
2604,0.3066142
2605,0.29642844
2606,0.26007828
2607,0.22366624
2608,0.2160089
2609,0.19535497
2610,0.19204362
2611,0.18172498
2612,0.1589057
2613,0.1274992
2614,0.11015703
2615,0.096130826
2616,0.0944018
2617,0.09400372
2618,0.093313985
2619,0.10748988
2620,0.1225198
2621,0.119748324
2622,0.09869078
2623,0.102903195
2624,0.08935475
2625,0.06842502
2626,0.07673461
2627,0.08810949
2628,0.78239655
2629,0.6083154
2630,0.37206995
2631,0.82708365
2632,0.6407682
2633,0.37386215
2634,0.66857946
2635,0.49542493
2636,0.30515778
2637,0.3491438
2638,0.3386883
2639,0.24923918
2640,0.15906055
2641,0.13464993
2642,0.13696934
2643,0.21554977
2644,0.18114705
2645,0.14102955
2646,0.11498476
2647,0.089700945
2648,0.090472184
2649,0.10012751
2650,0.071142755
2651,0.065395996
2652,0.08253035
2653,0.06414266
2654,0.0726385
2655,0.4682136
2656,0.27539265
2657,0.22871304
2658,0.4601084
2659,0.29795802
2660,0.26944086
2661,0.40035346
2662,0.28094485
2663,0.22982189
2664,0.32973957
2665,0.24089235
2666,0.17680438
2667,0.11606928
2668,0.12498071
2669,0.12864816
2670,0.19565521
2671,0.14443712
2672,0.1312037
2673,0.10427478
2674,0.09273578
2675,0.10406823
2676,0.09819708
2677,0.080196545
2678,0.076986715
2679,0.05472203
2680,0.044331208
2681,0.057018526
2682,0.49047732
2683,0.3413599
2684,0.3174726
2685,0.85462034
2686,0.5970488
2687,0.45690838
2688,0.42397523
2689,0.27797416
2690,0.23076516
2691,0.22169603
2692,0.16836272
2693,0.17067185
2694,0.13751961
2695,0.15130791
2696,0.119690746
2697,0.17816359
2698,0.12657607
2699,0.116495475
2700,0.11264174
2701,0.103073806
2702,0.11122701
2703,0.10680129
2704,0.088485464
2705,0.07834704
2706,0.0869365
2707,0.07048835
2708,0.07640606
2709,0.49189687
2710,0.34351838
2711,0.244462
2712,0.43204364
2713,0.29004553
2714,0.22847156
2715,0.43774295
2716,0.33338735
2717,0.23448247
2718,0.3304688
2719,0.25242418
2720,0.17674457
2721,0.0978383
2722,0.065557
2723,0.0923584
2724,0.18866974
2725,0.13840115
2726,0.100684635
2727,0.08393952
2728,0.08448232
2729,0.07628734
2730,0.072317086
2731,0.069938816
2732,0.06055193
2733,0.0643989
2734,0.06403881
2735,0.06294146
2736,0.3586691
2737,0.27136615
2738,0.18656749
2739,0.36758587
2740,0.28079244
2741,0.1882437
2742,0.30420062
2743,0.23983754
2744,0.16995782
2745,0.2506001
2746,0.20937707
2747,0.13899244
2748,0.08794838
2749,0.07451004
2750,0.07667889
2751,0.116110675
2752,0.09939223
2753,0.0818018
2754,0.15122002
2755,0.13099168
2756,0.14945649
2757,0.1129415
2758,0.098365664
2759,0.09629711
2760,0.08161359
2761,0.07553436
2762,0.100999124
2763,1.4764962
2764,1.1878937
2765,1.0687715
2766,1.4053465
2767,1.172776
2768,0.95278776
2769,0.7646398
2770,0.5638902
2771,0.4530058
2772,0.5585361
2773,0.44604665
2774,0.40702373
2775,0.37304497
2776,0.31062314
2777,0.24538347
2778,0.26066473
2779,0.23903093
2780,0.24049166
2781,0.14373128
2782,0.14539447
2783,0.17023529
2784,0.1386542
2785,0.13086568
2786,0.11357334
2787,0.099898614
2788,0.08485505
2789,0.11574805
2790,0.76183355
2791,0.69847655
2792,0.5366209
2793,0.69983745
2794,0.6337516
2795,0.48309895
2796,0.5786408
2797,0.54676193
2798,0.4236611
2799,0.47560334
2800,0.43363667
2801,0.34431934
2802,0.26187435
2803,0.20512748
2804,0.19199358
2805,0.27509114
2806,0.23814543
2807,0.19456753
2808,0.08119135
2809,0.07399813
2810,0.07183273
2811,0.060231287
2812,0.046141263
2813,0.040615547
2814,0.0443951
2815,0.03830092
2816,0.046075705
2817,0.3867908
2818,0.31601954
2819,0.22574215
2820,0.3287332
2821,0.27576998
2822,0.20416531
2823,0.23427598
2824,0.19323522
2825,0.14908594
2826,0.26311153
2827,0.20491348
2828,0.13918336
2829,0.09674121
2830,0.08208587
2831,0.06426839
2832,0.09915853
2833,0.08031043
2834,0.06614722
2835,0.1146921
2836,0.117309995
2837,0.14746748
2838,0.09376785
2839,0.087040745
2840,0.066129155
2841,0.06315853
2842,0.065157406
2843,0.095634356
2844,0.44341573
2845,0.43855926
2846,0.4079426
2847,0.3889622
2848,0.38455316
2849,0.3463078
2850,0.36197913
2851,0.35590732
2852,0.31500635
2853,0.28099486
2854,0.27991414
2855,0.27886915
2856,0.24142359
2857,0.17581636
2858,0.17820543
2859,0.17706873
2860,0.18078522
2861,0.18068688
2862,0.10181117
2863,0.097369686
2864,0.08731287
2865,0.052375995
2866,0.0426666
2867,0.040606115
2868,0.030730713
2869,0.028084608
2870,0.034075372
2871,0.9557038
2872,0.5276998
2873,0.28624645
2874,0.8103889
2875,0.45379484
2876,0.26258662
2877,0.44534612
2878,0.26405466
2879,0.1704047
2880,0.4214983
2881,0.27788562
2882,0.1659612
2883,0.100916564
2884,0.07141835
2885,0.061497986
2886,0.12505749
2887,0.08315972
2888,0.0643487
2889,0.06264019
2890,0.061824355
2891,0.066067465
2892,0.05172333
2893,0.04707568
2894,0.04507631
2895,0.04229984
2896,0.04106428
2897,0.05325495
2898,0.23852207
2899,0.21264926
2900,0.19780567
2901,0.26488933
2902,0.24176866
2903,0.21628563
2904,0.2246396
2905,0.20092405
2906,0.18524674
2907,0.20088324
2908,0.17182359
2909,0.14349699
2910,0.105626374
2911,0.08799311
2912,0.087064296
2913,0.09341474
2914,0.08836309
2915,0.08792878
2916,0.08116446
2917,0.08175394
2918,0.07853895
2919,0.041707955
2920,0.035335787
2921,0.02822109
2922,0.029197814
2923,0.02826305
2924,0.03169278
2925,0.35344172
2926,0.29829475
2927,0.21262679
2928,0.28800407
2929,0.2484233
2930,0.18085909
2931,0.21822406
2932,0.18337199
2933,0.13661729
2934,0.23657505
2935,0.20979424
2936,0.14482613
2937,0.10198911
2938,0.06328572
2939,0.055929877
2940,0.08321234
2941,0.07287333
2942,0.056745395
2943,0.1976798
2944,0.21231513
2945,0.24718317
2946,0.15971415
2947,0.15755889
2948,0.16297251
2949,0.087870695
2950,0.11648942
2951,0.18504359
2952,1.3342211
2953,1.2992394
2954,1.1381551
2955,1.7862296
2956,1.660973
2957,1.3945199
2958,1.0390389
2959,0.95255834
2960,0.7962317
2961,0.62847435
2962,0.6582099
2963,0.5860894
2964,0.35411212
2965,0.40736547
2966,0.2918842
2967,0.23329812
2968,0.25226757
2969,0.279446
2970,0.24399313
2971,0.25453284
2972,0.23596755
2973,0.21537031
2974,0.21490234
2975,0.1709544
2976,0.13768613
2977,0.160687
2978,0.18419816
2979,1.9259255
2980,1.262309
2981,0.9184713
2982,1.9900461
2983,1.3220927
2984,0.9313311
2985,1.5035797
2986,1.0940533
2987,0.6859159
2988,0.9495244
2989,0.80794847
2990,0.47042352
2991,0.2769518
2992,0.22832634
2993,0.23724294
2994,0.365787
2995,0.32440913
2996,0.24225028
2997,0.1319684
2998,0.14253254
2999,0.17762913
3000,0.09199947
3001,0.08739121
3002,0.07294481
3003,0.057535175
3004,0.05899989
3005,0.07967012
3006,0.99814516
3007,0.9871568
3008,0.9173362
3009,0.5424409
3010,0.5336075
3011,0.4353314
3012,0.38353935
3013,0.4140904
3014,0.40745485
3015,0.49675885
3016,0.5078275
3017,0.48562133
3018,0.41212317
3019,0.18287495
3020,0.15757717
3021,0.1409268
3022,0.1486089
3023,0.15738355
3024,0.14503737
3025,0.15662968
3026,0.17696945
3027,0.14846149
3028,0.15463707
3029,0.14480774
3030,0.1206823
3031,0.12910955
3032,0.18368167
3033,0.72101855
3034,0.71360946
3035,0.6141291
3036,0.7448889
3037,0.75848246
3038,0.66867846
3039,0.67576146
3040,0.7320184
3041,0.6648467
3042,0.5028271
3043,0.51558584
3044,0.450886
3045,0.29553196
3046,0.26232833
3047,0.27227435
3048,0.26928535
3049,0.28846827
3050,0.27406707
3051,0.1464818
3052,0.1459308
3053,0.13956676
3054,0.13658327
3055,0.12880965
3056,0.11561992
3057,0.11427905
3058,0.11650935
3059,0.12483158
3060,0.96082413
3061,0.52590555
3062,0.42511716
3063,0.97967166
3064,0.575494
3065,0.5033334
3066,0.8813893
3067,0.58558196
3068,0.47491804
3069,0.6003305
3070,0.43160903
3071,0.30804154
3072,0.1697062
3073,0.16319376
3074,0.17509131
3075,0.26007298
3076,0.20272782
3077,0.18024868
3078,0.1497583
3079,0.16803679
3080,0.16069834
3081,0.11283591
3082,0.10983954
3083,0.08358292
3084,0.07038316
3085,0.07995985
3086,0.09105694
3087,0.8814886
3088,0.5842493
3089,0.37792918
3090,0.93500006
3091,0.5651453
3092,0.36208206
3093,0.63475585
3094,0.46829262
3095,0.31104732
3096,0.52520245
3097,0.44592682
3098,0.30620423
3099,0.19492146
3100,0.12451389
3101,0.13063703
3102,0.19822894
3103,0.17616923
3104,0.13018246
3105,0.14724137
3106,0.14558984
3107,0.1885537
3108,0.16081445
3109,0.14692296
3110,0.13012084
3111,0.116417296
3112,0.10719811
3113,0.16130275
3114,0.8533522
3115,0.8188583
3116,0.78100544
3117,0.8045853
3118,0.7795124
3119,0.74843615
3120,0.6540892
3121,0.63189906
3122,0.5829554
3123,0.53129846
3124,0.50858814
3125,0.43754035
3126,0.36492032
3127,0.30404615
3128,0.26952088
3129,0.27131158
3130,0.26242954
3131,0.26146093
3132,0.07605982
3133,0.08413143
3134,0.08773197
3135,0.050810475
3136,0.05220249
3137,0.046624795
3138,0.033066127
3139,0.037482686
3140,0.054152854
3141,0.37182248
3142,0.32480255
3143,0.23248678
3144,0.7057296
3145,0.5678126
3146,0.36063603
3147,0.37697086
3148,0.32784373
3149,0.2249982
3150,0.15671457
3151,0.17572205
3152,0.15310016
3153,0.09796394
3154,0.10250939
3155,0.08033261
3156,0.10146478
3157,0.10089945
3158,0.08406984
3159,0.12720324
3160,0.13409567
3161,0.15858477
3162,0.13233614
3163,0.12426052
3164,0.10562236
3165,0.0721081
3166,0.07382009
3167,0.11873088
3168,0.7571221
3169,0.7117568
3170,0.67609555
3171,1.1450987
3172,1.0699722
3173,0.9409202
3174,0.6019025
3175,0.5210449
3176,0.4652464
3177,0.3026533
3178,0.31996846
3179,0.31987882
3180,0.31281507
3181,0.3780613
3182,0.2538115
3183,0.23938681
3184,0.24859308
3185,0.2478527
3186,0.11557011
3187,0.10785159
3188,0.12006271
3189,0.08207155
3190,0.058331545
3191,0.054004982
3192,0.05887605
3193,0.046074953
3194,0.06375026
3195,0.63051784
3196,0.45383942
3197,0.31858346
3198,0.56044286
3199,0.39112338
3200,0.28846997
3201,0.39053452
3202,0.27589196
