ID, Target Pressure (Bar)
0,0.0282005299798288
1,0.0166405809737629
2,0.1035621915583821
3,0.1532649738533516
4,0.1381779597553917
5,0.0979600153516913
6,0.0727613914468657
7,0.1130572609075618
8,0.1749441391928008
9,1.5909343853566000
10,1.2564234104993965
11,1.1421870627404109
12,1.9417630567329767
13,1.7590439333400802
14,1.4194484404048733
15,1.0732990366815300
16,1.1198297848266903
17,1.0184234377660280
18,0.4732144467223178
19,0.5045312931429627
20,0.4781006621931826
21,0.4302013453744212
22,0.5696624094513486
23,0.4602933309711797
24,0.3319841474150537
25,0.4278108027563359
26,0.3888749068374967
27,0.1080561715193694
28,0.0877928945018566
29,0.0836495068278039
30,0.0431059072997590
31,-0.0030221787895971
32,0.0084320723400985
33,0.0554049914045429
34,0.0108088274248551
35,0.0371239754760653
36,0.4702468428526272
37,0.2095073532631737
38,0.1563493192066153
39,0.6143731431079975
40,0.2093019105383139
41,0.1420068535246609
42,0.3377412938046663
43,0.1706110895260911
44,0.1374070394853388
45,0.2576922265028862
46,0.2402902629098731
47,0.1437326011806260
48,0.1173474725887023
49,0.0700630452887448
50,0.0888668416855585
51,0.1471208411372802
52,0.1006163262408052
53,0.0868213852396325
54,0.1069858586237021
55,0.1176662561946430
56,0.1186502724395603
57,0.0886292682602648
58,0.1015236764423098
59,0.0882837503048504
60,0.0879436770537569
61,0.0786048770226257
62,0.0896633111149254
63,0.9041963136775483
64,0.7257915447355269
65,0.5798013244193091
66,0.8727196310547960
67,0.7426111836660965
68,0.5297922822425061
69,0.8211587161571177
70,0.6500381613785082
71,0.5304047322967512
72,0.5921928393721793
73,0.5112150286964159
74,0.3700529310281941
75,0.2126656012082574
76,0.1690354559359252
77,0.1866613132603073
78,0.2827057832095752
79,0.2249426350690112
80,0.1867783451581078
81,0.1472214819833301
82,0.1113882931628477
83,0.1290794403391008
84,0.0790763856096057
85,0.0667543064250918
86,0.0692176193057537
87,0.0673324069515634
88,0.0555541072086108
89,0.0678819601369754
90,0.4716762537619816
91,0.3996197660957960
92,0.4038936063407192
93,0.3764190519697952
94,0.3338789938654212
95,0.2874703743889302
96,0.2182053961273782
97,0.1972846962470295
98,0.1721450963136324
99,0.3228312021489745
100,0.2735855055265810
101,0.2509997322232735
102,0.2472469326831094
103,0.1449149220839733
104,0.1023950180790725
105,0.1036285854816015
106,0.0947490872762837
107,0.1028685011042375
108,0.1514666936840957
109,0.1470079572435124
110,0.1538771032488216
111,0.1235422526261282
112,0.1091523686484998
113,0.0984203236745716
114,0.1046489842848819
115,0.0821425424443553
116,0.1212838729723876
117,1.0701461634436005
118,0.7807003184044624
119,0.7139313572568882
120,0.9644573022337697
121,0.7917197305808638
122,0.7249858573221485
123,0.5477386309214588
124,0.5661198437680256
125,0.4947618545399093
126,0.4849816302335712
127,0.4053997009959148
128,0.3308488770405049
129,0.2572190778812303
130,0.2179490624396787
131,0.1959511033670883
132,0.2058728681756319
133,0.1927134938735204
134,0.1813062152516500
135,0.1165976138761870
136,0.1298051510969044
137,0.1355323679877540
138,0.0854480422802966
139,0.0842097919390056
140,0.0982355049142665
141,0.0592563324347409
142,0.0529081766905933
143,0.0751104788975405
144,0.8998552923116825
145,0.5662923720669553
146,0.3944961981550519
147,0.8174824945688388
148,0.5813475304254825
149,0.3786890326017189
150,0.5705478320569320
151,0.4106277657909024
152,0.3224286716291950
153,0.4569480995825693
154,0.3894076906097214
155,0.2955634799609010
156,0.1966615449364271
157,0.1282046755086946
158,0.0876821693028529
159,0.1392087009308244
160,0.1223335874587443
161,0.0856324900805453
162,0.1527805590803089
163,0.1867947962729506
164,0.1828234332675448
165,0.1918885018816547
166,0.1495930653848062
167,0.1590065059264342
168,0.0219806574987174
169,0.0742395478271977
170,0.0982264680453398
171,1.2211812531012101
172,0.5397488875900150
173,0.4962004457214783
174,1.9647875498880942
175,0.7955733522795423
176,0.7277639131840877
177,0.8416954119628457
178,0.5881734930557344
179,0.5258310574561411
180,0.5366656324695839
181,0.3973798677115837
182,0.3870427592560234
183,0.2577037447742333
184,0.2832779212698943
185,0.1955308909464884
186,0.3468836701710745
187,0.2038398899409292
188,0.2003893640376087
189,0.0551033131589394
190,0.0662838264988646
191,0.0576549328435154
192,0.0160306557527162
193,0.0379488094212578
194,0.0262666625837760
195,0.0030153909224717
196,0.0319680237422893
197,0.0422069142798531
198,0.3340511893240770
199,0.4236016065174861
200,0.2772907518401795
201,0.2652203048205874
202,0.3537772902609985
203,0.2693137505527254
204,0.3251873653536709
205,0.3816857608288071
206,0.2670605844674982
207,0.1817255910203420
208,0.2480207126946011
209,0.1730466470669576
210,0.0965444884462632
211,0.0867886682608191
212,0.0699576915369947
213,0.0811750368539483
214,0.0917061146063509
215,0.0703305580116022
216,0.1161169845932730
217,0.1038485655817197
218,0.1182251551679143
219,0.0708726764653426
220,0.0617260817583636
221,0.0200245561064332
222,0.0275093282204173
223,0.0250883975012487
224,0.0572809846101647
225,0.6298592394349742
226,0.6016403248612493
227,0.6061575556202964
228,0.3884956018079935
229,0.3911742276528297
230,0.3597906883840125
231,0.3000478704173290
232,0.3154584872184360
233,0.3172985363658382
234,0.3030827079289345
235,0.3221818077828841
236,0.3076048506395184
237,0.2529100536160627
238,0.1677710807781549
239,0.1456695772032304
240,0.1293233728938357
241,0.1449304915468853
242,0.1492609830217702
243,0.3853845393463721
244,0.3353654028255333
245,0.3043493151793945
246,0.3886868223814822
247,0.2942543538569450
248,0.2490202671426098
249,0.2877465585361251
250,0.2278194471380011
251,0.1975554097649835
252,3.3734968421762694
253,1.1308295845785201
254,0.8786779967965175
255,3.5709295759992821
256,1.3160808878868606
257,0.9387709900637193
258,2.8516801532278095
259,0.9168979932057858
260,0.6692893508069386
261,0.9381277346346331
262,0.6938853642272168
263,0.4087564865505127
264,0.2609323789754255
265,0.2308747851939933
266,0.2475193250574263
267,0.4945527079244355
268,0.3935618722423914
269,0.1981640142938218
270,0.0854542697825481
271,0.0906177366232667
272,0.1032763380867347
273,0.0673865785619897
274,0.0635776564150416
275,0.0706060001528736
276,0.0459156328642970
277,0.0456152047268647
278,0.0868935185466094
279,0.4434677789394615
280,0.4440096513833820
281,0.3349635718570984
282,0.2825107224561437
283,0.3157028730094822
284,0.2709591924781591
285,0.2402738654391526
286,0.2783433536972603
287,0.2446072324764408
288,0.2234850988086379
289,0.2789250705069933
290,0.2191030980061803
291,0.1196882194388536
292,0.1009768087010011
293,0.0996173880046192
294,0.0467793895549043
295,0.0682090121949821
296,0.0911993920654576
297,0.2115613436217539
298,0.1653405551106615
299,0.2007387528299264
300,0.2856241434728334
301,0.2278294587763859
302,0.2463611187833076
303,0.0981857241785157
304,0.1001664302582940
305,0.1224664410249983
306,1.3292781387830583
307,1.1737585667659869
308,0.9414791773572875
309,0.9808532765947497
310,0.8670340982125261
311,0.7331303746349286
312,0.8221976149354110
313,0.6318281587581622
314,0.5047176505371210
315,0.7930993376379204
316,0.6136191249368691
317,0.4766460172962965
318,0.4171592098199945
319,0.4405772980764142
320,0.3621399797543601
321,0.3386564346637472
322,0.3424747305306554
323,0.3491084004242199
324,0.0777663191176658
325,0.0927651055886566
326,0.0966514176134089
327,0.0564987170432011
328,0.0706841627115850
329,0.0788076738963212
330,0.0410000150731470
331,0.0532929449731815
332,0.0743986582283900
333,0.5241859514587326
334,0.3996368537286892
335,0.2785313680652174
336,0.4480398225742181
337,0.3829424461024626
338,0.3376923044394858
339,0.4081920433945784
340,0.3982432714861002
341,0.3362474403953751
342,0.2810542551230127
343,0.2729565558586022
344,0.1564542847696709
345,0.1275377991109528
346,0.1057093374588397
347,0.1289388834683253
348,0.1350136706583235
349,0.1318505526182433
350,0.1310316003406245
351,0.2508511482063979
352,0.2772989451817545
353,0.0628858386992710
354,0.3432427080589035
355,0.3024902951802230
356,0.1143726512206512
357,0.1154623866028561
358,0.1217250118037216
359,0.0884815831400047
360,1.7474396560918677
361,1.3638369545066567
362,1.0925725459563211
363,2.2383402967345285
364,1.7600652158474588
365,1.2828887405376512
366,1.2366949066909168
367,1.0091425886662746
368,0.7415252693197123
369,1.0379420841559561
370,0.9762775780642224
371,0.5983994885048728
372,0.3600515816462135
373,0.4239190856295013
374,0.2736379826348326
375,0.4031400185328393
376,0.3628818094317344
377,0.2947472529456233
378,0.3386482811317055
379,0.1602430683094046
380,0.1266855642957301
381,0.1773281405630079
382,0.1101565065106352
383,0.1034852177862511
384,0.0719317547744644
385,0.1061313660406870
386,0.1007758810024733
387,2.0465191726791443
388,1.0130183020773171
389,0.9036648986139471
390,1.9446203969801232
391,0.8813399926059213
392,0.6017124520303356
393,1.0811749870577885
394,0.5493972821366364
395,0.4939909916218900
396,0.8643959849681805
397,0.4691540280879847
398,0.3291539185389870
399,0.2661972400606639
400,0.2045156909539440
401,0.2053538614592049
402,0.3294578265004751
403,0.2347311165966888
404,0.2239023107105881
405,0.1640014555205256
406,0.1394010271924006
407,0.1448735003255581
408,0.1245634069810011
409,0.1020460949687163
410,0.1091154916961375
411,0.0846742735299455
412,0.0802786581015097
413,0.1087828233509639
414,0.5874733206935143
415,0.5933680433849394
416,0.4084447522698769
417,0.6216933857301267
418,0.5822580471250475
419,0.4482447418541691
420,0.4126098939097855
421,0.4779271855066863
422,0.3114228018273852
423,0.3624086178706170
424,0.3574320730096318
425,0.2819913479705771
426,0.2018821169945728
427,0.1868060405151546
428,0.1887986572786554
429,0.2236144977159561
430,0.2278095999755964
431,0.1970483680465372
432,0.1422589397569738
433,0.1300551382541875
434,0.1769770288591670
435,0.1601217295895023
436,0.1374384651055330
437,0.1066641269572333
438,0.0963741120631102
439,0.0870351348849163
440,0.1214020911824380
441,0.5769761669340768
442,0.5859258114676762
443,0.5673192586641891
444,0.5323397755258088
445,0.5144793505726415
446,0.5065451332009607
447,0.4260383570837414
448,0.3814264172835930
449,0.3360937739624408
450,0.3094904209513974
451,0.3119171214008301
452,0.2788268783481280
453,0.2398524428288865
454,0.1946293550573402
455,0.1415864583083033
456,0.1392271435356309
457,0.1515224056542366
458,0.1423282187246123
459,0.1158802710302872
460,0.1140173776065506
461,0.0974114227069346
462,0.0910178838523000
463,0.0914776316593074
464,0.0781332945093773
465,0.0982989995246830
466,0.0884728999122759
467,0.0903896306884085
468,0.2673995139111547
469,0.2483200810590687
470,0.2160747651535182
471,0.2986232359179478
472,0.2715545436679628
473,0.2223771844240299
474,0.2518231909436660
475,0.2363120975499664
476,0.1704180917033841
477,0.2455794774011327
478,0.2855498759913787
479,0.2038895396771581
480,0.1254690383562365
481,0.1296723168283545
482,0.1194928496883300
483,0.1185464463169368
484,0.1285675683005075
485,0.1123563282888566
486,-0.0620456449822074
487,0.0148548880398574
488,0.0304163008450510
489,-0.0558521245068835
490,-0.0420356441396448
491,-0.0645528549995042
492,-0.0716721094127251
493,-0.0453830779299643
494,-0.0213579891114411
495,0.7685115800553092
496,0.4460101693155571
497,0.3415876668285362
498,0.5611784744063294
499,0.3608838654780180
500,0.3275927923355117
501,0.5178097608847447
502,0.4516507718644953
503,0.4190061680055110
504,0.5162933062632321
505,0.3372364897036180
506,0.3023646949526130
507,0.1634659467692576
508,0.1140278472594408
509,0.0968473968593522
510,0.2273618232394937
511,0.1139719467667075
512,0.1057445144248204
513,0.0276296763496427
514,0.0852107666526869
515,0.1333391512632336
516,0.0120496336306109
517,0.0504238582689529
518,0.0429846102441186
519,0.0193275116083471
520,0.0268412560491056
521,0.0311393739249233
522,0.3587490138688537
523,0.2794601028337392
524,0.2229646525529951
525,0.3944146187054699
526,0.2171834901201475
527,0.2058445915520036
528,0.3547881579045313
529,0.2898585085644094
530,0.1683200836542502
531,0.2980449453255120
532,0.2809135578097899
533,0.2066166347889641
534,0.1427069140020707
535,0.0566682965321277
536,0.0819896070787230
537,0.0886027198689423
538,0.0875136331874485
539,0.0784652432775884
540,0.1158621207892325
541,0.1117313620562147
542,0.1121322987956942
543,0.1221082608643222
544,0.1042118585006337
545,0.0781179650230488
546,0.0968879637970321
547,0.0897085587351246
548,0.0889717964444182
549,0.3074745366207487
550,0.3076220676770052
551,0.2676687762859457
552,0.3110957338341323
553,0.3060057759666439
554,0.2488162179418660
555,0.2939064276669933
556,0.2995085962958133
557,0.2627709021365237
558,0.2679744162755254
559,0.2946144989471612
560,0.2054941515229961
561,0.1454114287365011
562,0.1448839375335453
563,0.1484899535334981
564,0.1492086476574017
565,0.1669035421640020
566,0.1515799692199561
567,0.1211252817979354
568,0.0429916987220646
569,0.0345766869407113
570,0.0518276850999135
571,0.0330152485549174
572,0.0173659271439767
573,0.0405693265496862
574,0.0047768175711978
575,0.0055299064405048
576,0.5077162578605444
577,0.4054735606539024
578,0.2912453630087949
579,0.4232011737865687
580,0.3234258328293797
581,0.2266338829594068
582,0.3583072051795609
583,0.2947115014926481
584,0.2215288930029806
585,0.3745128765875996
586,0.2435740609328719
587,0.1865073694950969
588,0.1052303784175082
589,0.0751105682776792
590,0.0945088616270348
591,0.1701915356052748
592,0.1288862360903323
593,0.0928399847547838
594,0.1458281862903324
595,0.1673207626489686
596,0.1424095712429210
597,0.0613057493475037
598,0.0646884541394658
599,0.0299677306992312
600,0.0199416791163863
601,0.0149442153374724
602,0.0481424299407608
603,1.2818703211673985
604,1.1370906144011581
605,0.8955035650608345
606,1.1569355385927198
607,0.9929663260126665
608,0.6135870481326587
609,0.5888835819968957
610,0.4608097671207404
611,0.3179815036769633
612,0.5832660262341510
613,0.6347176722508980
614,0.4983861632149809
615,0.3264073502322524
616,0.2576121929083718
617,0.1555451571890813
618,0.2087281641040976
619,0.1984677465878654
620,0.1228246380617617
621,0.1587486609953163
622,0.2001070461954043
623,0.2668957266541599
624,0.2277836430180320
625,0.2382711302661468
626,0.2378569392628467
627,0.1767343500497023
628,0.1941604049130049
629,0.2055586783039659
630,2.5125378725899008
631,1.6415531358936915
632,1.4414889160727915
633,3.2471736630750283
634,2.1620197737971183
635,1.5015954293102782
636,1.2696671317770265
637,0.9618489629905372
638,0.6875301076751842
639,0.8644507715031730
640,0.7131750276027741
641,0.5638813001096546
642,0.3356194231311860
643,0.3217791710972188
644,0.1904747476557266
645,0.3204012545431866
646,0.2668913471297516
647,0.2492256398541070
648,0.0840957853934173
649,0.0979217627277258
650,0.1090749757303760
651,0.0879546008019793
652,0.0927960296241735
653,0.0972863977446739
654,0.0493286170826720
655,0.0989764134445363
656,0.1163201472834081
657,0.4542521987704825
658,0.4730776633547830
659,0.2300967047511806
660,0.5755219578528771
661,0.5984141161222759
662,0.2668833964395465
663,0.4547933903662231
664,0.4045536306313492
665,0.2345738627545416
666,0.2660162214347637
667,0.3249370540867184
668,0.1523788456719080
669,0.0868140576282207
670,0.0558338366841665
671,0.0950783617559973
672,0.1809967393993402
673,0.2075174656593506
674,0.1104183074874400
675,0.2592021833392270
676,0.1903941577542420
677,0.2596011472233597
678,0.2811268474140238
679,0.1263456287520476
680,0.1132006625764088
681,0.0903206293372523
682,0.0488896326433049
683,0.1018286019928474
684,1.6244353032861720
685,1.0951786779925010
686,0.8527027133729235
687,1.7523603876280480
688,1.3095932644699724
689,1.0100788884321972
690,1.2196933755841632
691,0.8235252912303125
692,0.7752950649984387
693,0.9910525088460012
694,0.7748826573284249
695,0.7521696373244489
696,0.5918644783704042
697,0.5065169733392558
698,0.2701363730612825
699,0.3839568922925575
700,0.2815717441166816
701,0.2882977567331129
702,0.0473988685909330
703,0.0912639191796963
704,0.0943343821823662
705,0.0111468661457594
706,0.0144921113342477
707,0.0245021064057003
708,0.0088408355654808
709,0.0146738913972335
710,0.0338742091415891
711,0.3235078194462864
712,0.3299712739661410
713,0.2642826105607149
714,0.2296219139951484
715,0.1680069521360914
716,0.1595066725114927
717,0.2415958872279671
718,0.2228900129245965
719,0.1832867419545021
720,0.2354385312730520
721,0.2300593101759503
722,0.1494940452382221
723,0.0791412679199139
724,0.0305011940964747
725,0.0421966069388866
726,0.0876412867723989
727,0.0826946250942479
728,0.0509455738854119
729,0.1017884850484644
730,0.1165761837348969
731,0.1247450087184756
732,0.0684450345768401
733,0.0609652657222394
734,0.0788422930118751
735,0.0386460728619837
736,0.0429323045885463
737,0.0724452605218275
738,0.5833006932644110
739,0.5808677884180763
740,0.4213283745316438
741,0.3588828537241459
742,0.4274901761637209
743,0.2975129651929657
744,0.2492193722980462
745,0.2915138099149270
746,0.2088478119069650
747,0.4499233282842642
748,0.3701271140685291
749,0.2890364122300684
750,0.2353214607587034
751,0.1503999634089724
752,0.1264515406379221
753,0.1216985037444495
754,0.1668683253098461
755,0.1180072151627616
756,0.1323815194785250
757,0.1310501449242089
758,0.1505376997576774
759,0.0578952992698942
760,0.0542741874986389
761,0.0266663577800075
762,0.0560415456135063
763,0.0491618927341870
764,0.0677029874803505
765,0.8635205522050238
766,0.6576440515748795
767,0.5467960935641127
768,1.4971871838625854
769,1.2334705951655605
770,0.8660080050329884
771,0.6816176491010196
772,0.4696611502838124
773,0.4808207231256493
774,0.1786978128884625
775,0.2272828694104498
776,0.2530722943951194
777,0.2044702937088183
778,0.2053018198378644
779,0.1340227987202101
780,0.1598894307609440
781,0.1188297256948336
782,0.1296164350477278
783,0.1053135914171489
784,0.0909718611406051
785,0.0883823515405247
786,0.0680632115413750
787,0.0541773779792595
788,0.0536922810834323
789,0.0663066886919164
790,0.0755271283547894
791,0.0865817995150297
792,0.7513686167713904
793,0.5840537826724244
794,0.4851337801260802
795,0.9484780657642838
796,0.6202355091050894
797,0.4456195345214732
798,0.4853362596637379
799,0.3624847696007504
800,0.3197055440574105
801,0.3315466770449740
802,0.2664367885516974
803,0.1947419291092861
804,0.1171145159263778
805,0.1067934366960416
806,0.0915543458585903
807,0.1381269305104259
808,0.1255959868498177
809,0.1025616224831720
810,0.0384371041526400
811,0.0770639037247026
812,0.0936624559681010
813,0.0759344360331971
814,0.0799220327561434
815,0.0633022069913288
816,0.0330926578368086
817,0.0616450313886877
818,0.0723486682533029
819,0.4842065568229493
820,0.4589063878045152
821,0.4034509291629170
822,0.4404161562832701
823,0.3396658203787375
824,0.3442729380430087
825,0.4169345209245104
826,0.3787912819379524
827,0.2906279865110463
828,0.3298159419818283
829,0.2752189449803393
830,0.2140234484487600
831,0.1734251634438650
832,0.1129132586911848
833,0.1152491785372729
834,0.0947023848526411
835,0.1203896235923884
836,0.1100466198166831
837,0.4398791005416084
838,0.3991389596944466
839,0.3743484591270266
840,0.7505539818460666
841,0.6162618764701007
842,0.4722393217159828
843,0.3570236337705715
844,0.3779096399656534
845,0.3929838043703839
846,3.4107674508551331
847,2.2581685529471742
848,1.3121341847693222
849,4.6291721851786960
850,3.2888247219831852
851,1.8401805981405219
852,2.3789500111296453
853,1.4491534531510033
854,1.0275045698636986
855,1.0814173629021206
856,0.7449594525852654
857,0.4057070045780101
858,0.4264452258720225
859,0.5409257756254866
860,0.4255986828961512
861,0.6496515797383304
862,0.4545292172541844
863,0.3348205158400021
864,0.0764782911612106
865,0.0746407040283958
866,0.1178559361602845
867,0.0682998395686552
868,0.0478037667461237
869,0.0617291440916754
870,0.0675363522415863
871,0.0542580518689442
872,0.0849884894087492
873,0.3943555737346319
874,0.4034830761899482
875,0.3614760664278842
876,0.2510631609230753
877,0.2650820777856567
878,0.2360917002671131
879,0.1754906515130409
880,0.2204525601078565
881,0.2069438132380909
882,0.2286613834289857
883,0.2436249338375269
884,0.2267930182150227
885,0.1713575866314341
886,0.1084474246994902
887,0.0890844656433899
888,0.0677671243520516
889,0.0753342135865921
890,0.0732345295146343
891,0.3600054605765167
892,0.3834685231334983
893,0.3815381724117245
894,0.4162748154523733
895,0.3794584592216887
896,0.3791157546054046
897,0.3605519702163185
898,0.3496235970259995
899,0.3395643746979801
900,1.1482428377540921
901,0.9021222797123966
902,0.7942938571916522
903,1.4585902104112818
904,1.0586714951832263
905,0.8529542700327051
906,0.8648493167644836
907,0.7676975735112979
908,0.6684673639604476
909,0.4675277586364356
910,0.4367981480845705
911,0.3841091394660739
912,0.2974955548124468
913,0.2950108878558448
914,0.2591871898430795
915,0.2701157453188127
916,0.2759619781215306
917,0.2658273832005418
918,0.0451836914715828
919,0.0625483965225783
920,0.1046553686010656
921,0.0142027196804351
922,0.0157541218129835
923,0.0301851171674879
924,0.0067105263049594
925,0.0013049521278467
926,0.0653826971003578
927,0.8678956713794873
928,0.7212316423145296
929,0.5985880877326537
930,0.7625886053706253
931,0.6462190847638106
932,0.5956329371475958
933,0.2851613398492540
934,0.3303169930176408
935,0.3321177775986229
936,0.2897597071825304
937,0.3303917136357714
938,0.3461235230743994
939,0.1964626582526082
940,0.1304282681364014
941,0.0839928285322807
942,0.0178245100825735
943,0.0393742895082427
944,0.0751130930467367
945,0.0751199266756469
946,0.0656425007798153
947,0.0674520465256681
948,0.0309445087398355
949,0.0399927590108206
950,0.0337624559519147
951,0.0103347185950006
952,0.0185647400352785
953,0.0252402805544183
954,0.4743729073928682
955,0.3295116387705857
956,0.2824307448744339
957,0.3652533125707131
958,0.2562181883452683
959,0.1981570680677388
960,0.2210819532451563
961,0.2071431407476081
962,0.1261932898152568
963,0.1717961604367325
964,0.2462259232042772
965,0.2047592020468635
966,0.1302985357958417
967,0.0805522650794458
968,0.0688172399026895
969,0.0206911450924370
970,0.0642945400250166
971,0.0480343595818948
972,0.1880834069476878
973,0.1669685290467678
974,0.1737508532161614
975,0.1436376809554937
976,0.1309247716391471
977,0.1115243534319730
978,0.0988001739227538
979,0.0987761881364716
980,0.1303628740307757
981,0.9171246694622524
982,0.8893956298682191
983,0.7505484417336994
984,1.1434254644130155
985,1.0715486420325584
986,0.8745160647551988
987,0.6104976781762065
988,0.6870804367637247
989,0.6042324351154703
990,0.3652051822556207
991,0.3730051629643842
992,0.3446717038008052
993,0.2351630771461037
994,0.2609917948081935
995,0.2337112125989481
996,0.1588259436063726
997,0.1949526118856960
998,0.2191857893025426
999,0.2479173011129713
1000,0.1530208017209810
1001,0.1684110740077189
1002,0.1024567573275585
1003,0.0513258242514700
1004,0.0606471241756132
1005,0.0270899012696785
1006,0.0296625226469346
1007,0.0671726035619677
1008,0.6628732102483932
1009,0.5052944156929675
1010,0.4700215882578351
1011,0.4769822758884130
1012,0.3051166778192509
1013,0.2362232394157932
1014,0.3022641451330168
1015,0.2551450866901790
1016,0.2399410292723582
1017,0.4626389996080117
1018,0.3275747470064395
1019,0.2743493985874898
1020,0.1979808653402587
1021,0.0860785555734004
1022,0.1014524489955165
1023,0.1167340914868655
1024,0.1156354160754024
1025,0.1114173342765101
1026,-0.0452535283490993
1027,-0.0181408239166470
1028,0.0168684480476949
1029,-0.0887365062530784
1030,-0.0611264365465462
1031,-0.0373796124941607
1032,-0.0779935511215916
1033,-0.0610710455623739
1034,-0.0528042633163169
1035,1.1625947017305989
1036,0.7287139066953625
1037,0.6797456302872109
1038,1.3124761691692259
1039,0.8819819811523987
1040,0.6938850986553288
1041,0.6498603544299565
1042,0.4125266042306481
1043,0.2850124950030564
1044,0.3982099172274255
1045,0.3036541838323663
1046,0.2288482725091382
1047,0.1793422541836097
1048,0.0942957403774643
1049,0.0411906605285575
1050,0.1017908879404318
1051,0.0217845296977038
1052,0.0502119758287018
1053,0.0672451626400988
1054,0.0683564924994185
1055,0.0798301435889312
1056,0.0463144501582449
1057,0.0487447322588114
1058,0.0517878291486149
1059,0.0357620580135824
1060,0.0294389208754098
1061,0.0609451749757114
1062,0.4040514691656780
1063,0.3744056539422210
1064,0.3184667234299604
1065,0.2585691238544653
1066,0.2847119631780075
1067,0.2726220237054218
1068,0.2194646489144244
1069,0.2315390320109821
1070,0.2158099490172772
1071,0.2631305681485017
1072,0.2291828932568368
1073,0.1939805753889641
1074,0.1209589005933795
1075,0.1074236237649241
1076,0.0810114801680382
1077,0.0621037165918892
1078,0.0627982420465568
1079,0.0732464555544755
1080,0.1017708110183248
1081,0.0897849684085961
1082,0.0688748314579035
1083,0.0692715177048980
1084,0.0601917934423721
1085,0.0391537717141356
1086,0.0593711746110795
1087,0.0514678610997526
1088,0.0434058928955252
1089,0.4448313985197546
1090,0.3650404712309506
1091,0.3234605174703644
1092,0.2965274533977916
1093,0.2548151928756239
1094,0.1930150336838020
1095,0.1940645368984107
1096,0.1947708213285963
1097,0.1724545015421412
1098,0.2680503545017457
1099,0.2845943410864564
1100,0.2324286109832375
1101,0.1427743411476635
1102,0.0780569831634839
1103,0.0730974500618884
1104,0.0774534523434444
1105,0.0822138702536490
1106,0.0745684589795075
1107,0.1902017340363278
1108,0.2521609221746886
1109,0.3209370791716045
1110,0.1439075210841378
1111,0.1565995779988825
1112,0.1578203259320898
1113,0.0589295177069505
1114,0.0848191584388913
1115,0.1482084478334177
1116,1.3632022375344568
1117,1.4266661941874474
1118,1.3134224275424498
1119,0.9620951936815180
1120,1.0472676377200085
1121,0.9996454843471240
1122,0.7817501221819817
1123,0.8863458065111879
1124,0.8256375477127144
1125,0.7609734294755782
1126,0.8751195218295750
1127,0.8032644674858390
1128,0.6527544215087965
1129,0.4327642509265725
1130,0.3426999151117754
1131,0.1944586158034481
1132,0.3045984293262447
1133,0.3428228358989286
1134,0.2842556574981987
1135,0.1613447409072440
1136,0.1851119687729415
1137,0.2097408565426373
1138,0.0936851890189985
1139,0.0818334126366992
1140,0.1336483369439038
1141,0.0486299496771603
1142,0.0630132188172104
1143,1.1642563908207000
1144,0.7777321750344748
1145,0.6577228562454721
1146,1.0836509256435305
1147,0.6724721033198765
1148,0.5789293776257339
1149,0.7958505598790178
1150,0.5839516902313322
1151,0.5052526715741105
1152,0.7817389229961059
1153,0.4528960818731699
1154,0.3046205899453663
1155,0.2594806062786696
1156,0.1815705486876085
1157,0.1864061520115976
1158,0.3480395263564787
1159,0.2113473371038277
1160,0.1938776858758570
1161,0.0715507281625208
1162,0.0645315054005266
1163,0.0619283233220980
1164,0.0701990005022732
1165,0.0482983946128544
1166,0.0367858618224395
1167,0.0660403279057521
1168,0.0411058744577237
1169,0.0506797149088192
1170,0.2643072963924912
1171,0.2576903612055620
1172,0.2050935207743482
1173,0.2890617523758107
1174,0.2589844915280428
1175,0.2097433668438211
1176,0.2480248491775171
1177,0.1861403778315847
1178,0.1659128261702566
1179,0.1908133553692884
1180,0.1855530502228048
1181,0.1082649211240910
1182,0.0751735101824308
1183,0.0733586573350397
1184,0.0681253978691510
1185,0.0945131074016346
1186,0.0763041476271015
1187,0.0579446005851192
1188,0.1186455996122443
1189,0.1314298512607827
1190,0.1532914564676007
1191,0.1116130139041256
1192,0.1108843283138777
1193,0.0953388847233023
1194,0.0646005231341007
1195,0.0710647939826440
1196,0.1314360846295541
1197,0.7776156190146308
1198,0.6781388344700738
1199,0.6240062862927507
1200,0.8105987802932342
1201,0.6217984866531554
1202,0.6096668286207472
1203,0.4470307519198914
1204,0.3727882900508337
1205,0.3860716866582618
1206,0.4286696694514125
1207,0.4108484203374023
1208,0.3827736407328294
1209,0.2542994583514766
1210,0.2453364444299457
1211,0.1779200445418673
1212,0.1463544706590596
1213,0.1667426363674160
1214,0.1712869199838150
1215,0.0936223550296596
1216,0.0871059163624488
1217,0.0852612214288012
1218,0.1178527189653555
1219,0.1135572739316739
1220,0.0966013435469434
1221,0.1086114731245589
1222,0.0975436123422029
1223,0.0935305644494018
1224,0.5728765158323956
1225,0.4158196662413929
1226,0.3051137130897706
1227,0.5633666798201138
1228,0.3882733392580240
1229,0.3049325716447994
1230,0.4596643343488931
1231,0.3202397613795102
1232,0.2959427769150865
1233,0.3783105781148087
1234,0.2597065066856443
1235,0.1815558140652594
1236,0.1546008505726736
1237,0.1169139764749892
1238,0.1199157814478393
1239,0.2187652749106509
1240,0.1504839583281586
1241,0.1281491791472390
1242,0.1766374223867617
1243,0.1808394937463774
1244,0.2003576545506914
1245,0.1648708777497415
1246,0.1452093163369379
1247,0.1272983444827538
1248,0.1142276465664313
1249,0.1003121647382538
1250,0.1325888778454312
1251,1.2056506180851698
1252,1.2081848079485362
1253,1.1181506836988186
1254,1.0198506748813356
1255,1.0047010941588390
1256,0.9120458968650990
1257,0.8497598443739791
1258,0.7374236229538477
1259,0.6253418848218004
1260,0.7228878682721308
1261,0.7237395346664279
1262,0.6341242949532084
1263,0.5634362384709793
1264,0.3793318705585677
1265,0.3323877661242642
1266,0.3026297214126787
1267,0.2914245619368627
1268,0.3133324965645911
1269,0.0974795960996418
1270,0.0699673953468440
1271,0.0552904822513891
1272,0.0805917189746499
1273,0.0720866848058055
1274,0.0467713742850486
1275,0.0763275614775336
1276,0.0553087727951922
1277,0.0647080469385755
1278,0.4105455109240812
1279,0.3571292929470666
1280,0.2763563541122460
1281,0.5254506562397309
1282,0.4761231280936249
1283,0.3796798788699936
1284,0.2679667047210332
1285,0.2093597720566039
1286,0.1603735017618603
1287,0.2413195658923444
1288,0.2561283535093662
1289,0.1489477153387336
1290,0.1168088237494536
1291,0.1060155133372388
1292,0.0829441064854428
1293,0.1368564133877163
1294,0.0999343459553203
1295,0.0808935923034066
1296,0.0758221456111324
1297,0.0648054432394805
1298,0.0556081773388000
1299,0.0399517088019893
1300,0.0281714946196998
1301,0.0319225927709302
1302,0.0322956594517108
1303,0.0208952253510460
1304,0.0379192873435815
1305,0.2711513144848082
1306,0.1828204925347322
1307,0.1521429963365961
1308,0.3225911165980141
1309,0.2270885767818974
1310,0.2280621974440020
1311,0.2680946995354007
1312,0.1697327552488856
1313,0.1500517627785228
1314,0.2161193375210708
1315,0.1396876091132682
1316,0.1225627550822772
1317,0.0894732392975004
1318,0.1002551524674860
1319,0.0874505994524885
1320,0.0910049935239820
1321,0.0934586350565999
1322,0.0903493917178414
1323,0.1713187324779451
1324,0.1294526726920826
1325,0.1069314819635059
1326,0.1689063255764487
1327,0.0793844773086123
1328,0.0508750061651883
1329,0.1383837325773424
1330,0.0545257093470507
1331,0.0525234464493120
1332,0.5265249977974008
1333,0.3013141295482448
1334,0.2405474025422216
1335,0.5856413460264951
1336,0.3035538946112271
1337,0.2532359728958831
1338,0.3396436204760930
1339,0.1870936616009966
1340,0.1320335712168450
1341,0.2717848084335384
1342,0.2374804155974131
1343,0.2062858124435638
1344,0.1638916868321108
1345,0.1018219104587153
1346,0.1167682532368822
1347,0.1929073681679544
1348,0.1056475605431852
1349,0.1072051823951620
1350,0.1876889809759963
1351,0.1794898520140353
1352,0.2432863261643363
1353,0.1389989814986293
1354,0.1178777156245656
1355,0.1002298686536561
1356,0.1266687642214508
1357,0.1021006845948379
1358,0.1484307623444464
1359,1.0330702671574508
1360,1.0136000056005894
1361,0.8686946880073697
1362,0.8138466469382756
1363,0.8594227213436177
1364,0.7351032316056987
1365,0.5886378355137162
1366,0.5949195539383683
1367,0.5276534735738918
1368,0.6106018896773452
1369,0.6087757352971180
1370,0.5381002707550474
1371,0.4467158307817207
1372,0.3274274048436405
1373,0.2468374557023386
1374,0.2355937086729190
1375,0.2276892401577690
1376,0.2264540671033660
1377,0.0526984179401285
1378,0.0981816680203362
1379,0.1238960024780714
1380,0.0754373937866454
1381,0.0945783058742836
1382,0.1062771316442387
1383,0.0666481739817859
1384,0.0681012254296051
1385,0.0819414960141921
1386,0.2654149630501595
1387,0.3387543299463793
1388,0.3220350970548614
1389,0.4063264034297512
1390,0.3893671351170764
1391,0.3209648768715007
1392,0.3054679981512289
1393,0.3128803250323770
1394,0.2689981703497742
1395,0.2180579231526775
1396,0.2556361991152995
1397,0.2257617747128782
1398,0.1877517352993263
1399,0.1399267212235004
1400,0.1289063440144904
1401,0.1546111845530607
1402,0.1610768678529154
1403,0.1423639629203841
1404,0.1780268191426631
1405,0.1545167279382262
1406,0.1473261773295395
1407,0.1540997046748080
1408,0.1289775927164351
1409,0.0821748546703581
1410,0.1059731939121727
1411,0.0823243322199442
1412,0.1276785459065259
1413,1.3904965299600633
1414,1.3648457222036348
1415,1.2605722442996699
1416,1.2700239094821824
1417,1.2190695303296866
1418,1.1362727121267313
1419,0.9276382391668256
1420,0.7944992410384319
1421,0.7446760588144107
1422,0.7605179036285917
1423,0.7301453121703134
1424,0.6065878287167491
1425,0.4192863963373973
1426,0.3154077489395367
1427,0.2738952595765635
1428,0.2940023851596587
1429,0.2623054300301797
1430,0.2465062523234654
1431,-0.0037965201060738
1432,0.0612771363414144
1433,0.1299500686583601
1434,-0.0195040786022834
1435,0.0138774609641919
1436,0.0200606522135404
1437,-0.0390517245002930
1438,-0.0122957939116233
1439,0.0335126474105738
1440,0.4378475381205884
1441,0.4130954620336024
1442,0.4242293496358046
1443,0.4201128326703527
1444,0.3549958587793123
1445,0.3589740502285195
1446,0.2881938159659506
1447,0.2529928262157596
1448,0.2817248452019944
1449,0.1832019723407084
1450,0.1930623156568389
1451,0.2585509419907612
1452,0.2057771422297859
1453,0.1292042737639330
1454,0.1027239733458538
1455,0.0022608015984973
1456,0.0712883184362347
1457,0.1313125331439985
1458,0.0212211251997073
1459,0.0838498398549121
1460,0.0754073914935444
1461,0.0204723221108253
1462,0.0606990846805146
1463,0.0538193297162593
1464,0.0391657177062099
1465,0.0912281135439476
1466,0.0721993303343690
1467,0.8204717863186509
1468,0.5369491443654762
1469,0.4166635010186817
1470,1.2157660122837139
1471,0.7788247184565849
1472,0.6495281889689620
1473,0.5160234570468291
1474,0.4071511942737631
1475,0.3489860755968152
1476,0.1869650446503286
1477,0.3267571615430642
1478,0.2679992510623946
1479,0.1551980070209991
1480,0.1271334350724366
1481,0.1000268077286621
1482,0.0459719141485637
1483,0.1446967647657161
1484,0.0997666921454015
1485,0.0942708233154154
1486,0.1518426376343913
1487,0.1305307373833856
1488,0.1077444755322272
1489,0.1157385569107290
1490,0.0901744940080189
1491,0.0926181781189663
1492,0.1212964989096622
1493,0.1089191190883234
1494,0.9694596723501403
1495,0.5025956915248923
1496,0.3890227765932685
1497,0.8118034942296676
1498,0.4829331156270373
1499,0.2484845406285786
1500,0.5792787688230142
1501,0.3557563846823037
1502,0.2341684370927166
1503,0.4106179196814870
1504,0.3547610357322785
1505,0.2704041401012623
1506,0.1861711169563804
1507,0.1571342038983026
1508,0.1574261928628032
1509,0.2698423901356813
1510,0.1952120377561953
1511,0.1482609376398785
1512,0.1437448315172213
1513,0.1510094811550365
1514,0.1201886071550965
1515,0.1203996008014343
1516,0.0995019558751688
1517,0.0661371941098582
1518,0.1892885933273584
1519,0.1726588602674698
1520,0.0746366514589246
1521,1.7646427032444352
1522,1.1927121302074906
1523,0.9000729950759042
1524,1.6752073454553764
1525,1.2080464106974624
1526,0.8813608801524805
1527,1.4280204514603729
1528,1.1296623029100497
1529,0.5725102987361074
1530,0.9130749418762956
1531,0.6142667520014821
1532,0.4307600634145767
1533,0.3301147383995832
1534,0.3086615887519764
1535,0.2543285050904491
1536,0.5712381007825343
1537,0.4310845849859877
1538,0.2498145734464456
1539,0.0913192976589629
1540,0.0776773508256992
1541,0.0844473020295702
1542,0.0323564963383381
1543,0.0210452338001124
1544,0.0197237358058144
1545,0.0392933368186821
1546,0.0238994090542356
1547,0.0505150209887387
1548,0.4573893262948693
1549,0.3359540976152706
1550,0.2392673005297131
1551,0.4319666617900597
1552,0.3098572082378972
1553,0.2967757941783619
1554,0.4509864944427134
1555,0.3537550018298468
1556,0.2781851069592235
1557,0.3641324236630371
1558,0.3137168866925190
1559,0.2164989048266840
1560,0.1538116518824170
1561,0.1367453367526197
1562,0.1225864003192106
1563,0.1254357144256866
1564,0.1173782455753273
1565,0.1165936158158131
1566,0.1289272018145583
1567,0.1484721277195092
1568,0.1536040500488683
1569,0.0894655131996594
1570,0.0759382035614039
1571,0.0793945767490696
1572,0.0972785130588772
1573,0.0781980673971374
1574,0.1049404581266561
1575,0.8796114212869943
1576,0.7070297570134807
1577,0.5222682283170559
1578,0.8537821821772877
1579,0.6446583215704895
1580,0.5481345710849727
1581,0.6833676732648833
1582,0.5284710258927114
1583,0.4028254791811783
1584,0.4302738956969245
1585,0.4308319977090027
1586,0.2247282414824570
1587,0.1827770577318373
1588,0.1563494681656097
1589,0.1873464794530547
1590,0.3445316211741521
1591,0.2131421686456473
1592,0.1954551347397437
1593,0.3163343726489003
1594,0.1628853345733610
1595,0.1474859310704237
1596,0.3596964562169186
1597,0.0918937749719800
1598,0.0675979249341297
1599,0.2358860713811151
1600,0.1771045550885685
1601,0.0563016501962297
1602,1.2144498504816805
1603,0.7742379607701060
1604,0.5430049243719947
1605,1.6377261573808402
1606,0.8750447645882331
1607,0.6302969358909815
1608,0.9722424224296912
1609,0.6892795375264023
1610,0.4233561586156307
1611,0.6444316199857103
1612,0.4865531059415095
1613,0.2232997572577623
1614,0.0945817223615040
1615,0.0652617435433061
1616,0.0786289431213636
1617,0.2722967695967091
1618,0.2038205615306621
1619,0.0803247564177144
1620,0.1126954694105791
1621,0.1269565725151178
1622,0.1045830882044042
1623,0.0608318462299133
1624,0.0708311011439265
1625,0.0469141473462963
1626,0.0556430279117242
1627,0.0589409604851974
1628,0.0467279540178763
1629,0.4692380844231041
1630,0.4393177570077632
1631,0.3617193134048265
1632,0.3253262251983972
1633,0.3242244159389469
1634,0.2678710405718984
1635,0.2481903078798908
1636,0.2775990657158765
1637,0.1935713461902921
1638,0.4008867523423068
1639,0.3932226056168687
1640,0.2983122101290143
1641,0.1676115420954578
1642,0.1246051027013753
1643,0.0969820701652627
1644,0.1198812703720402
1645,0.1256646906838417
1646,0.0812731883044932
1647,0.0859266517524252
1648,0.0774984428292258
1649,0.0926331539473320
1650,0.0457712273910929
1651,0.0507272425493186
1652,0.0452886453662989
1653,0.0414572653898262
1654,0.0346475621473941
1655,0.0870580341662122
1656,0.5271992906963008
1657,0.4882436706723557
1658,0.4445755887469717
1659,0.4758198510251982
1660,0.4972886199241490
1661,0.3997458031859593
1662,0.3213631052675351
1663,0.3352254789995993
1664,0.3035824854768356
1665,0.2730168863684050
1666,0.2277114242635081
1667,0.2325064663469011
1668,0.2054699373108274
1669,0.1710430833529543
1670,0.1755675331313322
1671,0.1620090217324767
1672,0.1653716762464296
1673,0.1735913282955124
1674,0.1671633743441645
1675,0.1812116134880840
1676,0.1209355619086330
1677,0.0771459361611740
1678,0.0910528323359149
1679,-0.0054654725644101
1680,0.0624789167009549
1681,0.0625416832443440
1682,-0.0127318790748407
1683,0.6153105396058464
1684,0.6090432402659013
1685,0.4571063760475705
1686,0.4566125282664493
1687,0.5094063113696855
1688,0.3615522843459704
1689,0.3655215978274168
1690,0.4216755151803125
1691,0.2910294917599448
1692,0.3664408331918393
1693,0.4122730039032345
1694,0.2552728829516854
1695,0.1659568519008176
1696,0.0838442838398568
1697,0.0691265803100703
1698,0.1133873091492360
1699,0.1593765856214573
1700,0.0747806105470884
1701,0.0949561690659183
1702,0.0844433877630140
1703,0.0899643986237166
1704,0.0847948292409678
1705,0.0803970894688002
1706,0.0618983053363250
1707,0.0724069964584200
1708,0.0585614479166851
1709,0.0789188654327950
1710,0.5497826530968537
1711,0.5255998359269513
1712,0.4324919138691813
1713,0.5085960464865970
1714,0.4739463631970740
1715,0.3082114077285169
1716,0.3764682591462208
1717,0.3862999004675226
1718,0.2943609421627414
1719,0.3694563938313017
1720,0.3536036401051206
1721,0.2860961214066122
1722,0.2019696352640700
1723,0.1221533383088515
1724,0.1148893697448768
1725,0.1298826246965155
1726,0.1079529650726595
1727,0.1138228001240827
1728,0.0503174686979532
1729,0.0736033061679472
1730,0.0978968502490041
1731,-0.0438483683995198
1732,0.0248076475629757
1733,0.0302000653692583
1734,-0.0259404495723459
1735,0.0280097391697844
1736,0.0383160159570505
1737,1.1520041014876445
1738,0.9257091143565085
1739,0.6549429978451560
1740,0.9451882301629718
1741,0.8356721551400290
1742,0.6222732489648500
1743,0.7232123685169396
1744,0.6761734383596095
1745,0.4357482533071773
1746,0.5100745204560821
1747,0.4142825467210607
1748,0.3112725810428620
1749,0.2024107389285366
1750,0.1276902114251615
1751,0.1010937376566996
1752,0.0774573803642535
1753,0.0885494479619059
1754,0.1116157400932301
1755,0.0393154580618602
1756,0.0749100274073776
1757,0.0669820717581283
1758,-0.0173773289370782
1759,-0.0127801381258026
1760,-0.0233987115729029
1761,-0.0244450734442730
1762,-0.0066153400958020
1763,-0.0010459455809846
1764,1.0537080629559248
1765,0.8353406471296272
1766,0.6730714824153298
1767,1.4528032368172299
1768,1.0594507479733557
1769,0.6148513040740782
1770,0.5803357154534902
1771,0.3670872301767107
1772,0.2801480988610029
1773,0.3890060347213973
1774,0.1857658002260488
1775,0.1429914519494108
1776,0.0783543532941206
1777,0.0413354952828152
1778,0.1069595885155168
1779,0.1494814826705603
1780,0.1147060754089025
1781,0.1087593958312216
1782,0.1465946614651029
1783,0.1261231533984960
1784,0.1269347438454013
1785,0.1403479953047165
1786,0.1089402776601834
1787,0.1014240207674423
1788,0.1125462309082035
1789,0.0625176831994446
1790,0.1010851496323235
1791,0.9717451888576153
1792,0.6137587845781400
1793,0.5541583504077218
1794,1.0900648172955094
1795,0.5752201133454493
1796,0.4173849188983093
1797,0.6112415283006272
1798,0.3919773389730452
1799,0.3094307196852394
1800,0.4627445306423951
1801,0.3773302149093807
1802,0.2980996092263763
1803,0.2247693931143506
1804,0.1975009558852597
1805,0.2080381805969758
1806,0.2384878272313705
1807,0.1921697230468095
1808,0.2001970128017070
1809,0.1538425287287722
1810,0.1473813081574349
1811,0.1663127163438445
1812,0.0592713930582299
1813,0.0768574270091207
1814,0.1021914252400333
1815,0.0768818202926326
1816,0.0751735672101436
1817,0.0993719759565160
1818,1.0133603995023703
1819,0.5988722750624782
1820,0.4801454307310109
1821,0.9025902489891674
1822,0.4359886356052742
1823,0.4186392286852173
1824,0.4953379623779187
1825,0.3327021171341308
1826,0.2682297412862992
1827,0.4631610133336462
1828,0.3144503339029978
1829,0.2804860633299223
1830,0.1871658698341913
1831,0.1314916260188923
1832,0.1702820406026659
1833,0.1266768017718757
1834,0.1334122864847481
1835,0.1531124788004273
1836,0.1054395667016624
1837,0.0922462796566932
1838,0.1139444847090535
1839,0.0562914600809896
1840,0.0421434233202072
1841,0.0656072892323958
1842,0.0385255094089850
1843,0.0364973848503604
1844,0.0683991046481311
1845,0.5873871256072247
1846,0.3814082479829452
1847,0.4016632548702237
1848,0.4200539984994768
1849,0.3244755928138495
1850,0.2936862315612734
1851,0.2721084781048405
1852,0.2503208216919277
1853,0.2245684185036068
1854,0.3884072782418152
1855,0.3062700714247381
1856,0.2844109055380915
1857,0.2098334998266966
1858,0.1270458913096787
1859,0.1227735672270294
1860,0.1129681874252848
1861,0.0938466872284952
1862,0.1208257211037340
1863,0.1358136009939512
1864,0.0290846543815926
1865,-0.0078715127691079
1866,0.1396025173766497
1867,0.0667422304175643
1868,0.0171506429518805
1869,0.0322403781377956
1870,0.0778679909280230
1871,0.0578077705404038
1872,1.4420007082639161
1873,0.7858507501718913
1874,0.6241933098114064
1875,1.8431631124432020
1876,1.1550507907837659
1877,0.9458272346875016
1878,0.9386120127067209
1879,0.6732711942923369
1880,0.5584505931951568
1881,0.8411066731348545
1882,0.5025083394563331
1883,0.3199266843850098
1884,0.0934061174384750
1885,0.0866251689186243
1886,0.1263705772185145
1887,0.1856054238035236
1888,0.2310852970725136
1889,0.1548936166752284
1890,0.1016915644902297
1891,0.0948103579249508
1892,0.1119745711006284
1893,0.0828211679322767
1894,0.0885513415512755
1895,0.0829961774797250
1896,0.0773310533732989
1897,0.0731388058084186
1898,0.0961158528238234
1899,0.4936747279706870
1900,0.5009630275694547
1901,0.3504333485254790
1902,0.6987163876187803
1903,0.5771300341499949
1904,0.3478931378291351
1905,0.5711403331500713
1906,0.4133506246195260
1907,0.3143282553677065
1908,0.2861873957927140
1909,0.2114198149670493
1910,0.1756601464536435
1911,0.1151874198268096
1912,0.0980020617929389
1913,0.1108586286490477
1914,0.2589296330972851
1915,0.1489803111112996
1916,0.1234373539968833
1917,0.0070682359537737
1918,-0.0294719422701106
1919,-0.0229422195127030
1920,-0.0401952931763547
1921,-0.0761782627828515
1922,-0.0846007533025248
1923,-0.0554178905507659
1924,-0.1053489098726347
1925,-0.0860264517382727
1926,0.8798801804661177
1927,0.5442825129140870
1928,0.4170582452691580
1929,0.7656777374092290
1930,0.5692249459697838
1931,0.3429484076578354
1932,0.6753906869946957
1933,0.4554541632549209
1934,0.2838766263017556
1935,0.5750586573996432
1936,0.2592222821834907
1937,0.1415911171319182
1938,0.0070366237742892
1939,0.0119422796801540
1940,0.0152121530824639
1941,0.2122720501262745
1942,0.0506091628171965
1943,0.0129903048558604
1944,0.0572191189268994
1945,0.0666109050437224
1946,0.1068425513568436
1947,0.0456696897762762
1948,0.0577529530918892
1949,0.0488431742794983
1950,0.0663585813699681
1951,0.0599103662656947
1952,0.0995932620789561
1953,0.5529910390605373
1954,0.5890027570478155
1955,0.5602379138097513
1956,0.4710519632423873
1957,0.4985769106917073
1958,0.4698784741793856
1959,0.3318927659700984
1960,0.3526811425453517
1961,0.3433269954632835
1962,0.2923967395044518
1963,0.3297512361099046
1964,0.3148372834454912
1965,0.2737968801171825
1966,0.1890884816553660
1967,0.1416586456840144
1968,0.1081504749187514
1969,0.1166170552904131
1970,0.1248114662948794
1971,0.1246290964999377
1972,0.1548443116148286
1973,0.1984791524258302
1974,0.1136345396789043
1975,0.1349651933722881
1976,0.1140354805333702
1977,0.0413198467977660
1978,0.0698590259373733
1979,0.1278808802685704
1980,1.1574111962553892
1981,1.0460087602373920
1982,0.9632694630806355
1983,0.9013808175937726
1984,0.9181544754181309
1985,0.8023672285359035
1986,0.7779934872668313
1987,0.7308436720987196
1988,0.6601678612404380
1989,0.6835774981841102
1990,0.5105986783177288
1991,0.4431649257968709
1992,0.2739926393880551
1993,0.2511862600004074
1994,0.2402908093574969
1995,0.3739495439779789
1996,0.3624960419404329
1997,0.3453460084540424
1998,0.2343966329078946
1999,0.2340128955029285
2000,0.2503071480133332
2001,0.2098830973800470
2002,0.1879972086002560
2003,0.1767726898877906
2004,0.1211355277647133
2005,0.1150709404445008
2006,0.1953057681000209
2007,2.0498490494451898
2008,1.9448912303664154
2009,1.6749887329453728
2010,2.1695468127199926
2011,1.8922888554790249
2012,1.4999392890186791
2013,1.4352272405430060
2014,1.1676835325240593
2015,0.9805688825426394
2016,0.7151952767297141
2017,0.6825231910030272
2018,0.6276222694045718
2019,0.5209548426444406
2020,0.4586075110365064
2021,0.4401314180937774
2022,0.4553260421060736
2023,0.4509227548010696
2024,0.4435386026230516
2025,0.0765315015170244
2026,0.1016711115979224
2027,0.1561882560773688
2028,0.0643633420824725
2029,0.1138627671010542
2030,0.0809443746769615
2031,-0.0044295573387516
2032,0.0237751218816451
2033,0.0816604012763644
2034,0.8717242715661179
2035,0.6843742128666426
2036,0.5621822524471823
2037,0.9524513337894871
2038,0.8777027477630144
2039,0.6247120059221341
2040,0.4235410152829071
2041,0.3337355678231739
2042,0.3041236303108073
2043,0.4495220524202891
2044,0.3843748822427696
2045,0.3839810984943230
2046,0.2692318076709784
2047,0.2322727170759528
2048,0.1856759494319595
2049,0.1852126982619436
2050,0.1661858114839925
2051,0.1709006724051639
2052,0.0785540727471996
2053,0.0703355495497072
2054,0.0887990176683222
2055,0.0267795127025939
2056,0.0378849848066533
2057,0.0540667711948299
2058,0.0690299359925945
2059,0.0741156415679344
2060,0.0981976209067323
2061,0.2377556822360099
2062,0.2370918717039168
2063,0.2236741988266279
2064,0.2683791114782413
2065,0.2469485542534713
2066,0.1759828292998590
2067,0.2649627109222557
2068,0.2833602410682350
2069,0.2521761310905162
2070,0.2615444094550793
2071,0.2691778796014195
2072,0.2521031706579291
2073,0.1531937003836907
2074,0.0890693494550620
2075,0.1340161386484742
2076,0.1269351526075416
2077,0.1397750759249581
2078,0.1353848740845668
2079,0.1067406695794401
2080,0.0844730813903336
2081,0.0910496015367076
2082,0.0777109035459369
2083,0.0674905371643111
2084,0.0602874033965261
2085,0.0771513967820457
2086,0.0701256487550158
2087,0.0753845842110810
2088,0.3101009205033858
2089,0.2299053591517334
2090,0.2296467478155494
2091,0.2855664848437505
2092,0.2484542857155972
2093,0.2362930339727168
2094,0.2905141206410140
2095,0.2630119551997180
2096,0.2473991050121231
2097,0.2280082154985614
2098,0.2039087732014335
2099,0.1805926490754856
2100,0.1444941216997337
2101,0.1166276715126654
2102,0.1103920789264294
2103,0.1026337064524213
2104,0.0827493817267587
2105,0.0800728292154534
2106,0.1096386882707104
2107,0.0888390970179443
2108,0.1271619648542282
2109,0.0889330843842076
2110,0.0819759770750663
2111,0.0615470515777766
2112,0.0611291243075957
2113,0.0483231973925381
2114,0.1010000248121800
2115,0.6897822204557151
2116,0.6961761301882708
2117,0.6810001194778836
2118,0.5924019324239425
2119,0.6106267344819953
2120,0.5575871752912426
2121,0.3846853111657682
2122,0.4313224232662149
2123,0.4175309966552709
2124,0.3988582018349158
2125,0.3768101272403849
2126,0.3861544443344349
2127,0.3303825432643129
2128,0.2543513396859963
2129,0.1964727471268304
2130,0.1803515257384633
2131,0.1894296296124153
2132,0.1778377440733754
2133,0.2567307019812834
2134,0.1487963099181341
2135,0.2204408438279480
2136,0.1654941141262586
2137,0.0732321253174116
2138,0.0415713671968155
2139,0.0872639386320457
2140,0.0653269536547119
2141,0.1161201234005937
2142,1.1582311427053869
2143,0.9589187177906123
2144,0.8976467521073171
2145,1.1480780036418503
2146,0.9834240433127925
2147,0.7978436818296352
2148,0.8802909129516823
2149,0.7868018874330929
2150,0.6911508020984055
2151,0.4997650369831311
2152,0.4765548627093457
2153,0.4429409175895343
2154,0.3484804159400000
2155,0.2583988408632615
2156,0.2629833668993269
2157,0.2740163101154961
2158,0.2760163108327136
2159,0.2892326312478483
2160,0.1283321004372057
2161,0.1391371253975924
2162,0.1522447353781604
2163,0.1094902304870771
2164,0.0837160551227229
2165,0.0535022508239142
2166,0.0549667262914757
2167,0.0384445180891571
2168,0.0518265484975831
2169,0.7044258090480702
2170,0.6572107719262825
2171,0.4714987310637837
2172,0.7216409331205438
2173,0.7314277134276531
2174,0.5593784059787761
2175,0.3754538621431859
2176,0.2770507482661504
2177,0.2628229722849963
2178,0.3352832530391510
2179,0.3498520422903797
2180,0.2617536810695923
2181,0.2549888200349675
2182,0.2085221508313505
2183,0.0890195529695157
2184,0.0817690202783313
2185,0.0738092553366047
2186,0.0869335747935112
2187,0.0345948433419607
2188,0.0280309780214344
2189,0.0303555077625792
2190,0.0057758115914935
2191,0.0080305136393696
2192,0.0084286413088083
2193,-0.0016994329436269
2194,-0.0003224869608762
2195,0.0204766970889833
2196,0.3572274952066046
2197,0.2615354676604775
2198,0.2287254423588271
2199,0.2613754815724476
2200,0.2105045995456185
2201,0.1969886267612391
2202,0.1998663614093423
2203,0.1692662591568535
2204,0.1358059105069139
2205,0.2795579694219906
2206,0.1793231250015706
2207,0.1593378690098808
2208,0.1373048084106177
2209,0.0997207756442688
2210,0.0875094917158725
2211,0.1015744040880330
2212,0.0636282868577656
2213,0.0845706634676409
2214,0.0639178098220760
2215,0.1013405129021687
2216,0.1060249207720780
2217,0.0895812087023552
2218,0.1170653579661284
2219,0.1036952230042877
2220,0.0574425546954530
2221,0.0894586071323689
2222,0.1007060688996146
2223,0.5493702170995095
2224,0.5374578518764163
2225,0.4889673796526836
2226,0.5476001205667729
2227,0.5170205373015203
2228,0.4745018702577946
2229,0.4617229758013738
2230,0.4711783695157962
2231,0.3816480941121549
2232,0.3710283668640051
2233,0.3554537249363379
2234,0.2780265341493561
2235,0.2265671390974670
2236,0.1433693084807214
2237,0.1574945838507690
2238,0.1868135951976883
2239,0.2148046153584196
2240,0.1512882443166894
2241,0.0934737008162505
2242,0.1137544621148970
2243,0.1303951078216455
2244,0.0991683056323467
2245,0.0922630825793519
2246,0.0998780486164501
2247,0.0849785978594391
2248,0.0745333566493379
2249,0.1036187512575214
2250,0.6045729163734896
2251,0.5415267420015352
2252,0.4845679779020053
2253,0.5861536626496395
2254,0.4770548732026209
2255,0.4395479566750413
2256,0.4402635381139783
2257,0.3885605084585762
2258,0.3403859693257738
2259,0.3276157639007898
2260,0.3583112062760931
2261,0.3362486747621473
2262,0.2258876612892985
2263,0.1510101664677345
2264,0.1571921457134367
2265,0.1796512262613359
2266,0.1766355301548712
2267,0.1586419546513523
2268,0.1729227936425092
2269,0.1539892093549405
2270,0.1483229712287426
2271,0.4811826853861488
2272,0.3721072979693493
2273,0.3035978214647322
2274,0.2348479809337499
2275,0.2289473976288931
2276,0.2921885953098865
2277,2.2870403873600043
2278,1.9287119335068554
2279,1.2618793239931354
2280,3.6711901052222711
2281,3.1656572032553041
2282,2.0907967037560802
2283,1.4992499042394258
2284,1.3622690753639064
2285,1.0879273188533389
2286,0.7126068915260984
2287,0.7518448813172393
2288,0.4656654313328970
2289,0.4147223904124007
2290,0.6122584752243655
2291,0.3424182493377458
2292,0.4569855005882156
2293,0.4623791661958257
2294,0.3429088069664427
2295,0.2654071939237915
2296,0.2535516119394462
2297,0.2394975606968669
2298,0.2795293570880697
2299,0.2615134211078197
2300,0.2417764006031806
2301,0.2608754069520052
2302,0.2524753330518150
2303,0.2498766684429502
2304,1.2566477372313301
2305,0.9935301676754098
2306,0.7672689051251893
2307,1.0425404853760367
2308,0.8231188403211328
2309,0.5958146177651618
2310,0.9993414920858158
2311,0.7911774342079331
2312,0.5987079475360227
2313,0.7857127020649856
2314,0.7513973610996277
2315,0.4263241707690216
2316,0.3191108061744792
2317,0.2432610008563284
2318,0.2552934883103404
2319,0.4979708399689458
2320,0.3909206255295212
2321,0.2813030271470926
2322,0.0854449088441735
2323,0.0985896751132688
2324,0.1036306495131564
2325,0.0518407995068310
2326,0.0762666827368923
2327,0.0767414797736433
2328,0.0343680841898763
2329,0.0600326778671527
2330,0.0859613810019490
2331,0.6128955448838158
2332,0.5324231168009304
2333,0.4596342648386115
2334,0.6560529978443354
2335,0.5712908619285177
2336,0.4885856548174833
2337,0.5077534059925347
2338,0.4351965334637056
2339,0.3704683909296896
2340,0.3302429851235549
2341,0.3609330492554383
2342,0.2963827718145537
2343,0.2083019699653743
2344,0.1968337946492967
2345,0.1701592826417963
2346,0.1453512168159841
2347,0.1711380414904053
2348,0.1674683006908388
2349,0.2459592988047405
2350,0.2133598717999394
2351,0.2367310064691848
2352,0.1909759337795290
2353,0.1806746267861990
2354,0.1954346289907591
2355,0.0143180081692700
2356,0.1056924021205197
2357,0.1578288268934084
2358,2.4833084634024463
2359,1.3105785462095716
2360,1.0241765769686795
2361,2.3736258583103993
2362,1.1207944125847256
2363,0.9144353064211185
2364,1.4171450919001967
2365,0.8093349414148987
2366,0.6590142634099271
2367,1.0889379417917675
2368,0.6717174882475613
2369,0.5102035584725784
2370,0.3366604434817018
2371,0.2642725293879546
2372,0.2369097699326845
2373,0.4446812997239677
2374,0.2939250347644960
2375,0.2465453252666551
2376,0.1549814855727586
2377,0.1552584241741927
2378,0.1228131600337726
2379,0.0939894872048161
2380,0.0942650596760803
2381,0.0758718622912802
2382,0.0880282126138398
2383,0.1090600612510910
2384,0.1021347613547149
2385,1.0372178273126513
2386,0.8298636784705032
2387,0.6049702625706165
2388,0.9248726093023216
2389,0.7793469487872789
2390,0.6062783457060859
2391,0.7129952586804662
2392,0.6440224532994591
2393,0.4608937065780966
2394,0.5593501318102965
2395,0.4541912762678001
2396,0.2969755555242789
2397,0.1537500251703462
2398,0.1337678368344639
2399,0.1620209554503443
2400,0.2452408055001494
2401,0.2114242067451202
2402,0.1657726535182950
2403,0.2056696382414522
2404,0.1012833245516886
2405,0.0831191127112776
2406,0.2294401212940783
2407,0.1082803167642206
2408,0.0744366379373982
2409,0.1932704329910919
2410,0.0799278138185920
2411,0.0843595380929724
2412,1.5746572122613693
2413,1.0057942222981067
2414,0.7694140887668356
2415,1.5698549145216156
2416,1.0514089779487943
2417,0.7138286820919757
2418,1.0228871914485596
2419,0.6656028544264965
2420,0.5619672780823420
2421,0.8246171656743945
2422,0.5326641947344753
2423,0.3534497169302266
2424,0.2048971112601788
2425,0.1758007841292293
2426,0.1858425599630208
2427,0.2862254683484299
2428,0.2324082556620737
2429,0.1874144664416815
2430,0.1156403855538306
2431,0.0964166619579098
2432,0.1453462313482764
2433,0.1182349278948183
2434,0.1115316460193241
2435,0.0966300128545526
2436,0.0945056819280765
2437,0.0938127335885274
2438,0.1160887055331188
2439,0.8502781189008375
2440,0.9169510803551292
2441,0.7887041513438907
2442,0.8656332447953757
2443,0.9278985513879866
2444,0.8971373865978394
2445,0.9090473884311213
2446,0.9546107465327967
2447,0.9419549543161559
2448,0.4998048835555721
2449,0.4691257641994150
2450,0.4453205931374420
2451,0.2821341761929529
2452,0.2786088851720424
2453,0.2883284753660910
2454,0.2272184854766572
2455,0.2683930038689769
2456,0.2857780592542510
2457,0.2237764236316381
2458,0.2735811476944904
2459,0.2168510501933832
2460,0.1827444799658837
2461,0.2433386052750281
2462,0.1321119526716813
2463,0.1434350833220510
2464,0.1921333755025704
2465,0.1635106944870484
2466,2.0263730939914466
2467,1.3427666325260159
2468,1.2372999622217598
2469,2.2494340918977338
2470,1.6276094769833727
2471,1.3973444060839397
2472,1.4589789870981655
2473,1.1788501611243263
2474,0.9691431320563028
2475,0.7144476274777298
2476,0.6604551342913202
2477,0.5705216856613898
2478,0.3234093023679198
2479,0.2901153268686491
2480,0.1919509719710299
2481,0.2479134270229704
2482,0.2731913263494453
2483,0.1924429223005826
2484,0.1259955747605017
2485,0.1284751564067588
2486,0.1143306037663906
2487,0.1260728065392722
2488,0.0863802661375780
2489,0.0586047224885449
2490,0.0553954403549365
2491,0.0411110317741013
2492,0.0293719237997742
2493,0.4540508449175666
2494,0.3709994506366179
2495,0.3352031441610178
2496,0.4854287479331574
2497,0.3270896220313448
2498,0.3126792080311764
2499,0.2440572959559143
2500,0.1978284242136188
2501,0.1693166750457581
2502,0.2825097493411244
2503,0.2761953426903524
2504,0.2193553631489570
2505,0.1950325325047699
2506,0.1222560532069823
2507,0.0915823082898913
2508,0.1042895628706829
2509,0.0856322822102822
2510,0.0910191188248590
2511,0.1607607446598738
2512,0.1194929349098057
2513,0.1218369151985850
2514,0.0267574842731298
2515,0.0597558082687699
2516,0.0489605577716869
2517,0.0115053586499353
2518,0.0649494517287535
2519,0.0816199228468122
2520,0.8581999485101253
2521,0.4274230993097511
2522,0.2560556588330365
2523,0.8118992923495295
2524,0.4562965780791848
2525,0.3696918094523836
2526,0.4173885449561097
2527,0.4169156152827538
2528,0.2894944559831750
2529,0.4613007192619454
2530,0.4240806198418894
2531,0.2378395486264680
2532,0.1991517689127346
2533,0.1243620924014404
2534,0.1121269775835915
2535,0.1093341715371501
2536,0.1475830276865474
2537,0.1195433915487475
2538,0.0996415320182805
2539,0.1215174836125192
2540,0.1403857034860595
2541,0.0704235388933580
2542,0.0601043966355828
2543,0.0503653058543966
2544,0.0294538995030220
2545,0.0233722633453654
2546,0.0444776576844267
2547,0.3432159136747989
2548,0.3544450444240615
2549,0.3597145866212149
2550,0.4816462906259691
2551,0.4922385604573801
2552,0.4467189362645763
2553,0.3125400105121867
2554,0.2614931049125404
2555,0.2800974275416240
2556,0.1585871963475735
2557,0.1638673236265582
2558,0.1508341392380311
2559,0.1323361384848157
2560,0.1876971186146983
2561,0.0866062087319718
2562,0.0652648371597428
2563,0.0772276894731393
2564,0.0838093055096201
2565,0.3900999432166303
2566,0.3337702288602407
2567,0.3390884272098940
2568,0.2651410291832189
2569,0.2929796169247932
2570,0.2763979240621043
2571,0.0426447566171006
2572,0.1945264536827193
2573,0.2130933844139172
2574,2.4194020241857697
2575,1.0056872832898125
2576,0.7835476475104778
2577,2.4384031226492491
2578,0.8829791988692210
2579,0.6657748021693121
2580,1.2260876490494772
2581,0.6736976602278055
2582,0.5360940965142229
2583,1.1154334369251053
2584,0.5499439987516785
2585,0.4468474180725024
2586,0.3170691885739613
2587,0.2531317879205663
2588,0.2104834277549379
2589,0.4342118651282578
2590,0.2732694107108350
2591,0.2302108696046216
2592,0.0903616040936758
2593,0.0979566100734405
2594,0.1138817162527503
2595,0.0686304180537305
2596,0.0694781606213286
2597,0.0666217627113955
2598,0.0522371417050639
2599,0.0491746409689506
2600,0.0746429604500408
2601,0.4586284617344005
2602,0.4114982665644986
2603,0.3829979738952947
2604,0.4204022057138085
2605,0.3784673628650041
2606,0.3457388698640494
2607,0.3162530773175832
2608,0.2549846453502437
2609,0.2427916081213322
2610,0.2378204744029463
2611,0.2159672824403511
2612,0.1974293161242960
2613,0.1327518246735602
2614,0.1146273984997873
2615,0.1161276254473646
2616,0.0826246385600557
2617,0.0830317456155484
2618,0.0884432263424435
2619,0.1262099594140291
2620,0.1077880374427268
2621,0.1121696687183601
2622,0.1023192713965692
2623,0.0911783108540213
2624,0.0890829287095182
2625,0.1143966550570018
2626,0.0912424143956355
2627,0.0762625110274687
2628,0.5749001819753252
2629,0.5433973736769642
2630,0.3842138799620567
2631,0.5607791308069697
2632,0.5777386200495823
2633,0.4444003642962833
2634,0.5501257142636833
2635,0.5947818948526878
2636,0.4870112559518194
2637,0.3327403254773770
2638,0.2774035329043445
2639,0.2198930365348029
2640,0.1582661203599527
2641,0.1346040279037939
2642,0.1171908714381552
2643,0.2439781571294738
2644,0.2020781599164033
2645,0.1315215301028395
2646,0.0910328587492077
2647,0.0954023003133705
2648,0.0842234773157457
2649,0.0921296055387992
2650,0.0600845581756535
2651,0.0686909767861056
2652,0.0461352493624588
2653,0.0442472915224911
2654,0.0667602539269634
2655,0.6743191701884672
2656,0.2551022829598741
2657,0.2067351580299547
2658,0.6773718364492537
2659,0.3110623392367583
2660,0.2366026437566899
2661,0.4988062270356347
2662,0.2664835060142990
2663,0.2132361575511131
2664,0.5476052970588161
2665,0.2403142141436118
2666,0.1628434590302814
2667,0.0984766970004591
2668,0.0967364782503321
2669,0.0986116007486131
2670,0.3333794536806837
2671,0.1167590789252687
2672,0.1015949485761405
2673,0.0673209210907491
2674,0.1291711892422172
2675,0.1146733762151748
2676,0.0741902950167278
2677,0.0809630487385525
2678,0.0567347264166420
2679,0.0425691928109131
2680,0.0544433830900442
2681,0.0403427968760274
2682,0.6068458049713258
2683,0.4557269584949062
2684,0.3312733785218768
2685,0.8223050730417049
2686,0.5242750545644727
2687,0.3986233632773616
2688,0.4003091033456387
2689,0.1957683346586553
2690,0.1192620732764977
2691,0.3237818041878435
2692,0.3016926255303163
2693,0.2286635976730291
2694,0.1085061333068127
2695,0.0647113847798129
2696,0.0555396956593983
2697,0.1290819259271463
2698,0.0674429078124291
2699,0.0491230693792685
2700,0.1023495329355791
2701,0.1154598443880608
2702,0.0944944045964484
2703,0.0695675660182506
2704,0.0979025196894615
2705,0.0795480540365995
2706,0.0174360183483063
2707,0.0680005055535342
2708,0.0885762833815465
2709,0.7952249823493207
2710,0.4467236327003261
2711,0.3921292180202020
2712,0.7904431892453219
2713,0.4449601393000845
2714,0.2895921897155624
2715,0.5263180079333514
2716,0.3212188925254708
2717,0.2978260144260145
2718,0.4856909442168511
2719,0.2505308699636631
2720,0.1473597346810191
2721,0.0690616791028508
2722,0.0570688938271648
2723,0.1063557993703748
2724,0.2433449926607372
2725,0.1299660161013791
2726,0.1267132602955758
2727,0.0701475898780743
2728,0.0902761669560284
2729,0.0887792933789863
2730,0.0648235734298083
2731,0.0813328091828914
2732,0.0705339270602748
2733,0.0516730171014009
2734,0.0700022521305675
2735,0.0715719640038493
2736,0.3433564082715318
2737,0.2824930780258967
2738,0.1836301651505624
2739,0.3708522082174330
2740,0.2936424785414599
2741,0.2229208235157578
2742,0.2723889840712551
2743,0.2299756674812933
2744,0.1550217442731529
2745,0.2126453543695866
2746,0.2037101692753813
2747,0.1621564265052917
2748,0.1218488099174974
2749,0.1045582161413579
2750,0.1185958666905013
2751,0.0730815702296350
2752,0.1046792914663274
2753,0.1050717271776792
2754,0.4451209455998885
2755,0.3252757651776810
2756,0.3258547751846740
2757,0.3372772094124328
2758,0.2899699998945066
2759,0.2955501352049921
2760,0.2330956950431572
2761,0.1646122173928708
2762,0.1802253184865934
2763,1.1186601176124806
2764,0.8723758828381605
2765,0.8372967815909120
2766,1.1194666000564661
2767,0.8664774582310635
2768,0.7943610386148128
2769,0.5786105930252269
2770,0.4616113019657535
2771,0.4232907438437977
2772,0.6564543305416726
2773,0.5027346925880036
2774,0.4992315648162188
2775,0.4899918341988515
2776,0.4234386581369513
2777,0.2809408098005996
2778,0.3244810907557080
2779,0.2518898649483214
2780,0.2569012995565061
2781,0.0362521729330986
2782,0.0906520730023957
2783,0.1044537256533604
2784,0.0482345607478670
2785,0.0876148493020607
2786,0.0660407632458538
2787,-0.0296805446906197
2788,0.0487508933451788
2789,0.0832859568461935
2790,0.7149757487584432
2791,0.6159422530754931
2792,0.5169469654077883
2793,0.7345496745959691
2794,0.5456649250902247
2795,0.5239130090421291
2796,0.5662801771972255
2797,0.4832657344575164
2798,0.4393655040675665
2799,0.3489587502577221
2800,0.3964907299354007
2801,0.2592572689675876
2802,0.1786039091960532
2803,0.1556354623427571
2804,0.1441475279735480
2805,0.1081295199468066
2806,0.1797679239846751
2807,0.1414831854597050
2808,0.0885457234394107
2809,0.0758825800391193
2810,0.0629733187526151
2811,0.0404295108616476
2812,0.0264830150283390
2813,0.0140520692741019
2814,0.0433072421960849
2815,0.0337546661386286
2816,0.0352083750699161
2817,0.5026902720066669
2818,0.3771281387689239
2819,0.3147847453816741
2820,0.3340706478376300
2821,0.2672637792094062
2822,0.1915975409086187
2823,0.2101162868943285
2824,0.1900334135105420
2825,0.1437058096843225
2826,0.3175962473168346
2827,0.1981156660734820
2828,0.1561776953496454
2829,0.1035779325068198
2830,0.0917078325777484
2831,0.0631044414325549
2832,0.0870488327359945
2833,0.0675768310767524
2834,0.0631984800399443
2835,0.1339432013140216
2836,0.1036134696344623
2837,0.1362638880091460
2838,0.0778965250803585
2839,0.0463444931189625
2840,0.0230466724759694
2841,0.0633277480476203
2842,0.0467542561735420
2843,0.0658491351461399
2844,0.6041357273310027
2845,0.5026881016785483
2846,0.4800138430841801
2847,0.5432751303964738
2848,0.4706741014054854
2849,0.3554117988230172
2850,0.4436974567327004
2851,0.3873519702381288
2852,0.3580727614902520
2853,0.3593678070398670
2854,0.3385013526844423
2855,0.3101088950216744
2856,0.2619844313242413
2857,0.1963233913522289
2858,0.2101273291449422
2859,0.2320881019594695
2860,0.1956748609449550
2861,0.2043815834190044
2862,0.1391594834403399
2863,0.0592349184938033
2864,0.0682650182742707
2865,0.0600063486322470
2866,0.0690527451768368
2867,0.0730662299229695
2868,0.0597785115815633
2869,0.0588346360802898
2870,0.0739502848717861
2871,0.8986928162474965
2872,0.3828167125565111
2873,0.2330918129248229
2874,0.8041158055998031
2875,0.3638374441673134
2876,0.2901030777318874
2877,0.4255343265005160
2878,0.2262759956569021
2879,0.1765000915943928
2880,0.4965915957755700
2881,0.2651278857147738
2882,0.1744819419704324
2883,0.0979584908572372
2884,0.1065065184439371
2885,0.0945099059455451
2886,0.1020366633085241
2887,0.0880582768857421
2888,0.0928783640704829
2889,0.0813699482498011
2890,0.0925330335504983
2891,0.0814907426288541
2892,0.0776033534165995
2893,0.0779869391075012
2894,0.0655628225177572
2895,0.0634287663734206
2896,0.0639152307108678
2897,0.0730994474484115
2898,0.3130083643119216
2899,0.3179798906335495
2900,0.2576450245232068
2901,0.3744933968909671
2902,0.3360642610172409
2903,0.2808572838716742
2904,0.2963658555660383
2905,0.2807524283251416
2906,0.2109939039067631
2907,0.1889695364871999
2908,0.1890317305766762
2909,0.1421706375857173
2910,0.1243184070283070
2911,0.0952337252257252
2912,0.0899380299470783
2913,0.1069004280093378
2914,0.0806849465522764
2915,0.0866669914024193
2916,0.1123372722349352
2917,0.0951227532830067
2918,0.0750355554963219
2919,0.0387644906742660
2920,0.0374953381459780
2921,0.0232800884627036
2922,0.0343577041310836
2923,0.0365812832517447
2924,0.0433538200001726
2925,0.4600821584191666
2926,0.3369956934220926
2927,0.2473352282773246
2928,0.3514786877060171
2929,0.2763685770329189
2930,0.1884124886548205
2931,0.2649234120159200
2932,0.2194983588124765
2933,0.1461706502967290
2934,0.2391271751423861
2935,0.1890492932027594
2936,0.1386946126450025
2937,0.1281086619699887
2938,0.0807091264453550
2939,0.0738595827920910
2940,0.1024924591876390
2941,0.0945837334276506
2942,0.0762424746998263
2943,0.3359617217249186
2944,0.4047717488427625
2945,0.4079047401543253
2946,0.3846230586834027
2947,0.4327205821333690
2948,0.3860054023281324
2949,0.3892399764357990
2950,0.4187184319046595
2951,0.4302579931603279
2952,1.6343570159776151
2953,1.5751533250685126
2954,1.3299448660522031
2955,2.2860274457069329
2956,2.1997472717643758
2957,1.8010334685829807
2958,1.5066984494250821
2959,1.4229276908453086
2960,1.2916599959906927
2961,0.6908057847507938
2962,0.8506881275727028
2963,0.7721913335292966
2964,0.6064245408187445
2965,0.7055401691271795
2966,0.5028065597456851
2967,0.4466787559092772
2968,0.5251425315654009
2969,0.5030881915564636
2970,0.4600966060495522
2971,0.4308579924808710
2972,0.1856142310567072
2973,0.4579981472565913
2974,0.3773500786340359
2975,0.1441541193835034
2976,0.4767546550203681
2977,0.4731152000699861
2978,0.1679549089796780
2979,2.1020525048819279
2980,1.4715606843350977
2981,1.0932635248629170
2982,2.0247889771568768
2983,1.4195581263226420
2984,0.8223706939356955
2985,1.5588728469339885
2986,1.2455542131366690
2987,0.6386489684185545
2988,1.0992865804134053
2989,0.7381990607461775
2990,0.3220457149276111
2991,0.2186352155371446
2992,0.1822176781224754
2993,0.2539325625308643
2994,0.8216088337190421
2995,0.6011057008140170
2996,0.2644619204015721
2997,0.1287320773285787
2998,0.1689659060200959
2999,0.2094122423386222
3000,0.0863180027285400
3001,0.0938286247968397
3002,0.0644284777719203
3003,0.0436742775418844
3004,0.0686849017777927
3005,0.0992143431775841
3006,0.8347777552947632
3007,0.9185779975473779
3008,0.8272784385618944
3009,0.5474813179771501
3010,0.6401179136207972
3011,0.5681149878064146
3012,0.3003967306992489
3013,0.3999739951406317
3014,0.3738898978993639
3015,0.5076274731240362
3016,0.5785889146456730
3017,0.5315816916106241
3018,0.4169309693499081
3019,0.1851840502362365
3020,0.1426354631943707
3021,0.0717399808948011
3022,0.1314919702232187
3023,0.1411547657436969
3024,0.0473183469770154
3025,0.0982409064943123
3026,0.1140569480133352
3027,0.0663279488984747
3028,0.1078283571633821
3029,0.1109004542825683
3030,0.0796074452286476
3031,0.1025998936467158
3032,0.1335468832918026
3033,0.9123621676032625
3034,0.8726266229604206
3035,0.6945202520715665
3036,0.8229123793234253
3037,0.7336812176046515
3038,0.6182099295328529
3039,0.8071283617879605
3040,0.7449289869127023
3041,0.6696550295928674
3042,0.3909772847945777
3043,0.4127958984921677
3044,0.3634550489241218
3045,0.2311935344517504
3046,0.2059804639772408
3047,0.2220365676593309
3048,0.2414215665881259
3049,0.2538489701694215
3050,0.2320566467933166
3051,0.1099790793902039
3052,0.0943608554190248
3053,0.0821669271799328
3054,0.0035999837133801
3055,0.0602526578797283
3056,0.0416331428830118
3057,-0.0202672455008598
3058,0.0664998066822627
3059,0.0691437778881135
3060,1.3066861943485670
3061,0.8786986613136643
3062,0.7061512831914833
3063,1.2360162387393678
3064,0.8589137679119396
3065,0.7123533314363152
3066,0.8946094022400610
3067,0.6398815392885248
3068,0.5438042991638600
3069,0.6893278917469886
3070,0.5071556284978770
3071,0.3299120101312526
3072,0.1539525879631012
3073,0.1644361666669689
3074,0.1553063820827025
3075,0.1725143691346184
3076,0.1719348221852362
3077,0.1622894486165380
3078,0.1625700648049644
3079,0.1946855335245389
3080,0.1485567314189583
3081,0.0999004551538507
3082,0.0893394783555516
3083,0.0527701681216753
3084,0.0841665068098535
3085,0.0842303092258895
3086,0.0757840645875207
3087,0.7775270116124419
3088,0.6540773059146888
3089,0.3375198440038231
3090,0.8615554703029610
3091,0.6745063123485667
3092,0.4655345687960331
3093,0.4735074171161641
3094,0.4539610937261457
3095,0.2713441532614082
3096,0.4614074068871653
3097,0.4089576242438012
3098,0.3090156370237778
3099,0.1983703106097060
3100,0.0825551774188902
3101,0.1232471855804926
3102,0.2214063152358939
3103,0.1420765431629454
3104,0.1107245910756168
3105,0.1369767633061691
3106,0.1406942757351713
3107,0.1757445536050974
3108,0.1378082131114524
3109,0.1311616305559274
3110,0.1214684440052161
3111,0.1112023992538923
3112,0.0992575979277831
3113,0.1401912488624839
3114,0.8468809601057673
3115,0.8095249460065084
3116,0.7961472604077870
3117,0.9061750882057997
3118,0.8230405428324197
3119,0.7435209182329856
3120,0.6797940927795525
3121,0.5684696355376965
3122,0.5338750117052915
3123,0.5516653600222440
3124,0.5501791619587765
3125,0.5289258678532124
3126,0.4130649483712421
3127,0.3841242392559794
3128,0.3467044654684472
3129,0.4044060946910995
3130,0.3352167862214425
3131,0.3301578182006337
3132,0.1013914328974772
3133,0.0913653045297168
3134,0.1122314979822731
3135,0.0391243309222662
3136,0.0546581285576510
3137,0.0522424833651438
3138,0.0366576563279035
3139,0.0317127526217742
3140,0.0476454519692748
3141,0.4030766455146504
3142,0.3412511537574988
3143,0.2554286845556584
3144,0.6123579751435643
3145,0.4456139405167529
3146,0.3051737849376161
3147,0.3954667539940041
3148,0.2236543780632432
3149,0.1783141740782161
3150,0.2919152107110878
3151,0.2551282043129161
3152,0.1965164469372213
3153,0.1361329417011765
3154,0.1353135294422066
3155,0.1145246948595124
3156,0.1988805092893269
3157,0.1256992189291444
3158,0.1107587529126683
3159,0.1177778535848714
3160,0.1283748149450530
3161,0.1531836436390848
3162,0.0907243582742300
3163,0.0778430437269474
3164,0.0654285365902065
3165,0.0052280316967231
3166,-0.0044970927654905
3167,0.0261102093923849
3168,0.9984978846015149
3169,0.8282994898573303
3170,0.7616724970832900
3171,1.2442820563438695
3172,1.0886074397432257
3173,0.9714179312126850
3174,0.6073046580093058
3175,0.5544512538896837
3176,0.4269025328352078
3177,0.3608016099311961
3178,0.3412249035943171
3179,0.3468026447028440
3180,0.2519021631458407
3181,0.2978442175499336
3182,0.2014285921507867
3183,0.1959266716988231
3184,0.1598395159196019
3185,0.1754886000913685
3186,0.1123333146884489
3187,0.1505847321216331
3188,0.1538484123469123
3189,0.0437472530377706
3190,0.0328944446441041
3191,0.0367389932104610
3192,0.0344852976172564
3193,0.0298306394579106
3194,0.0483485101455754
3195,0.7154039787255442
3196,0.5371995406966283
3197,0.4914633636266381
3198,0.6887325200506075
3199,0.4563078094915489
3200,0.4122577139840257
3201,0.4093663437702684
3202,0.2409082806761352
